algorithm,domain,seed,target_acc,source_val,best_step,task_id
ANDMask,art_painting,100,0.830078125,0.9605179373953927,750,final_ANDMask_e0_s100
ANDMask,art_painting,101,0.814453125,0.9640557091489622,4000,final_ANDMask_e0_s101
ANDMask,art_painting,102,0.83056640625,0.9630595741393254,3750,final_ANDMask_e0_s102
ANDMask,cartoon,100,0.7888225255972696,0.955353703226907,3500,final_ANDMask_e1_s100
ANDMask,cartoon,101,0.7922354948805461,0.9567664260347603,3500,final_ANDMask_e1_s101
ANDMask,cartoon,102,0.8003412969283277,0.9543115286254302,4750,final_ANDMask_e1_s102
ANDMask,photo,100,0.9706586826347305,0.9602089830750694,3500,final_ANDMask_e2_s100
ANDMask,photo,101,0.9670658682634731,0.9579830578989629,2000,final_ANDMask_e2_s101
ANDMask,photo,102,0.9754491017964072,0.9589623174971935,2250,final_ANDMask_e2_s102
ANDMask,sketch,100,0.8180198523797404,0.9645522759258612,2000,final_ANDMask_e3_s100
ANDMask,sketch,101,0.7923135657928226,0.9666440633455259,3000,final_ANDMask_e3_s101
ANDMask,sketch,102,0.7762789513871214,0.9665638004913001,1750,final_ANDMask_e3_s102
ARM,art_painting,100,0.828125,0.9738827370029933,1000,final_ARM_e0_s100
ARM,art_painting,101,0.85888671875,0.9740216121733342,1250,final_ARM_e0_s101
ARM,art_painting,102,0.8935546875,0.9711491275166472,1250,final_ARM_e0_s102
ARM,cartoon,100,0.7930887372013652,0.9686451680446124,1500,final_ARM_e1_s100
ARM,cartoon,101,0.802901023890785,0.9658341641355602,2500,final_ARM_e1_s101
ARM,cartoon,102,0.7888225255972696,0.9745674085619426,750,final_ARM_e1_s102
ARM,photo,100,0.9658682634730539,0.9658454703126343,3000,final_ARM_e2_s100
ARM,photo,101,0.9508982035928144,0.9685916902360613,4750,final_ARM_e2_s101
ARM,photo,102,0.9604790419161676,0.9651125307986068,4250,final_ARM_e2_s102
ARM,sketch,100,0.7834054466785442,0.9829145337102528,1500,final_ARM_e3_s100
ARM,sketch,101,0.7383558157291932,0.9742000336776555,1750,final_ARM_e3_s101
ARM,sketch,102,0.7714431152965131,0.9722842885478494,750,final_ARM_e3_s102
CAD,art_painting,100,0.857421875,0.9791190225569874,4500,final_CAD_e0_s100
CAD,art_painting,101,0.83642578125,0.9795553919109355,4000,final_CAD_e0_s101
CAD,art_painting,102,0.84130859375,0.9740197431909549,4500,final_CAD_e0_s102
CAD,cartoon,100,0.7487201365187713,0.968496420952809,4250,final_CAD_e1_s100
CAD,cartoon,101,0.7734641638225256,0.9641239471440995,4750,final_CAD_e1_s101
CAD,cartoon,102,0.742320819112628,0.9691626697860256,5000,final_CAD_e1_s102
CAD,photo,100,0.9784431137724551,0.9654208041497219,4500,final_CAD_e2_s100
CAD,photo,101,0.9784431137724551,0.96808492994935,5000,final_CAD_e2_s101
CAD,photo,102,0.9730538922155688,0.9694273372500524,5000,final_CAD_e2_s102
CAD,sketch,100,0.7498091117332655,0.9769307747324819,4000,final_CAD_e3_s100
CAD,sketch,101,0.8065665563756681,0.9768660284596627,4500,final_CAD_e3_s101
CAD,sketch,102,0.7879867650801731,0.9699645283441017,3500,final_CAD_e3_s102
CDANN,art_painting,100,0.87060546875,0.9812557746937397,2000,final_CDANN_e0_s100
CDANN,art_painting,101,0.861328125,0.9762817606118266,1750,final_CDANN_e0_s101
CDANN,art_painting,102,0.86572265625,0.9781308904864341,4500,final_CDANN_e0_s102
CDANN,cartoon,100,0.8246587030716723,0.9793311948044172,2500,final_CDANN_e1_s100
CDANN,cartoon,101,0.810580204778157,0.974843289920245,1250,final_CDANN_e1_s101
CDANN,cartoon,102,0.7606655290102389,0.9764273176040582,3500,final_CDANN_e1_s102
CDANN,photo,100,0.9784431137724551,0.9702080721998807,3500,final_CDANN_e2_s100
CDANN,photo,101,0.9808383233532935,0.9668110445990314,2750,final_CDANN_e2_s101
CDANN,photo,102,0.9772455089820359,0.975433578586367,1750,final_CDANN_e2_s102
CDANN,sketch,100,0.7806057520997709,0.9787817735894687,1500,final_CDANN_e3_s100
CDANN,sketch,101,0.7864596589462968,0.9808382628719948,750,final_CDANN_e3_s101
CDANN,sketch,102,0.7503181471112242,0.9773952711049178,4000,final_CDANN_e3_s102
CORAL,art_painting,100,0.861328125,0.9629324398728265,1000,final_CORAL_e0_s100
CORAL,art_painting,101,0.87841796875,0.9639187029610005,1000,final_CORAL_e0_s101
CORAL,art_painting,102,0.841796875,0.9654684696696215,2250,final_CORAL_e0_s102
CORAL,cartoon,100,0.8003412969283277,0.9616446983938466,1250,final_CORAL_e1_s100
CORAL,cartoon,101,0.8400170648464164,0.9587651725344104,1000,final_CORAL_e1_s101
CORAL,cartoon,102,0.8216723549488054,0.9595900780936996,4500,final_CORAL_e1_s102
CORAL,photo,100,0.9706586826347305,0.9571816718601638,2750,final_CORAL_e2_s100
CORAL,photo,101,0.9676646706586827,0.9532507019129666,1750,final_CORAL_e2_s101
CORAL,photo,102,0.9664670658682635,0.9598870998377329,1750,final_CORAL_e2_s102
CORAL,sketch,100,0.7686434207177398,0.9673210159206382,2750,final_CORAL_e3_s100
CORAL,sketch,101,0.8167472639348434,0.9724897789733888,1250,final_CORAL_e3_s101
CORAL,sketch,102,0.8429625858997201,0.9722618061893057,1500,final_CORAL_e3_s102
CondCAD,art_painting,100,0.853515625,0.9764342456683889,4000,final_CondCAD_e0_s100
CondCAD,art_painting,101,0.849609375,0.9801170265490033,3500,final_CondCAD_e0_s101
CondCAD,art_painting,102,0.830078125,0.9757083850699168,4500,final_CondCAD_e0_s102
CondCAD,cartoon,100,0.7743174061433447,0.9735234404036989,4250,final_CondCAD_e1_s100
CondCAD,cartoon,101,0.7781569965870307,0.9741211672865316,3250,final_CondCAD_e1_s101
CondCAD,cartoon,102,0.799061433447099,0.974418661470139,4500,final_CondCAD_e1_s102
CondCAD,photo,100,0.9766467065868264,0.9656742031494807,5000,final_CondCAD_e2_s100
CondCAD,photo,101,0.9688622754491018,0.9658590801988556,5000,final_CondCAD_e2_s101
CondCAD,photo,102,0.9706586826347305,0.967694600187242,3750,final_CondCAD_e2_s102
CondCAD,sketch,100,0.7770425044540595,0.975624535102157,3250,final_CondCAD_e3_s100
CondCAD,sketch,101,0.7976584372613896,0.9757047979563828,3250,final_CondCAD_e3_s101
CondCAD,sketch,102,0.7370832272842962,0.9747292763229106,3250,final_CondCAD_e3_s102
DANN,art_painting,100,0.849609375,0.9802676426231862,2000,final_DANN_e0_s100
DANN,art_painting,101,0.87158203125,0.9791307634608294,3000,final_DANN_e0_s101
DANN,art_painting,102,0.828125,0.9789820163690258,2000,final_DANN_e0_s102
DANN,cartoon,100,0.8156996587030717,0.9744871834205228,4000,final_DANN_e1_s100
DANN,cartoon,101,0.810580204778157,0.9761757875866787,3500,final_DANN_e1_s101
DANN,cartoon,102,0.8327645051194539,0.9738209345873061,2250,final_DANN_e1_s102
DANN,photo,100,0.9802395209580839,0.9697628680864163,3500,final_DANN_e2_s100
DANN,photo,101,0.9760479041916168,0.9713449890750437,3750,final_DANN_e2_s101
DANN,photo,102,0.9784431137724551,0.9738242001124906,4500,final_DANN_e2_s102
DANN,sketch,100,0.8175108170017816,0.979368796730406,3750,final_DANN_e3_s100
DANN,sketch,101,0.7856961058793586,0.9797375136672093,3750,final_DANN_e3_s101
DANN,sketch,102,0.7986765080173072,0.979596769514489,3250,final_DANN_e3_s102
ERMPlusPlus,art_painting,100,0.8876953125,0.98323817279155,2000,final_ERMPlusPlus_e0_s100
ERMPlusPlus,art_painting,101,0.87060546875,0.9849385555743541,2750,final_ERMPlusPlus_e0_s101
ERMPlusPlus,art_painting,102,0.86962890625,0.9852360497579614,1000,final_ERMPlusPlus_e0_s102
ERMPlusPlus,cartoon,100,0.8225255972696246,0.9822909458052732,4250,final_ERMPlusPlus_e1_s100
ERMPlusPlus,cartoon,101,0.8370307167235495,0.9822107206638534,5000,final_ERMPlusPlus_e1_s101
ERMPlusPlus,cartoon,102,0.8348976109215017,0.98238381909658,4750,final_ERMPlusPlus_e1_s102
ERMPlusPlus,photo,100,0.9880239520958084,0.9819878446745282,4500,final_ERMPlusPlus_e2_s100
ERMPlusPlus,photo,101,0.9850299401197605,0.9765568478625024,3250,final_ERMPlusPlus_e2_s101
ERMPlusPlus,photo,102,0.9862275449101796,0.9797619572112276,4750,final_ERMPlusPlus_e2_s102
ERMPlusPlus,sketch,100,0.8279460422499364,0.9841785094263024,3750,final_ERMPlusPlus_e3_s100
ERMPlusPlus,sketch,101,0.8050394502417918,0.9836492667810472,1500,final_ERMPlusPlus_e3_s101
ERMPlusPlus,sketch,102,0.7818783405446679,0.9800007845884308,1500,final_ERMPlusPlus_e3_s102
Fish,art_painting,100,0.85400390625,0.9700258582405118,4750,final_Fish_e0_s100
Fish,art_painting,101,0.85546875,0.9657715708003667,750,final_Fish_e0_s101
Fish,art_painting,102,0.845703125,0.9673293404480711,1500,final_Fish_e0_s102
Fish,cartoon,100,0.7926621160409556,0.9626201446017065,1250,final_Fish_e1_s100
Fish,cartoon,101,0.784556313993174,0.9616906625600744,2000,final_Fish_e1_s101
Fish,cartoon,102,0.8302047781569966,0.9628031526687021,2000,final_Fish_e1_s102
Fish,photo,100,0.9712574850299401,0.9526684916115405,1500,final_Fish_e2_s100
Fish,photo,101,0.9532934131736527,0.9611197207229164,4500,final_Fish_e2_s101
Fish,photo,102,0.9574850299401197,0.9502919880740571,5000,final_Fish_e2_s102
Fish,sketch,100,0.7750063629422245,0.9655433141407403,2500,final_Fish_e3_s100
Fish,sketch,101,0.8406719266989056,0.9727305675360666,1000,final_Fish_e3_s101
Fish,sketch,102,0.802494273351998,0.9777612872389091,3750,final_Fish_e3_s102
Fishr,art_painting,100,0.873046875,0.9789820163690258,2000,final_Fishr_e0_s100
Fishr,art_painting,101,0.833984375,0.9781445003726555,500,final_Fishr_e0_s101
Fishr,art_painting,102,0.8544921875,0.9787061350107233,3000,final_Fishr_e0_s102
Fishr,cartoon,100,0.8046075085324232,0.9739724201947281,3250,final_Fishr_e1_s100
Fishr,cartoon,101,0.7841296928327645,0.9755194483877307,1000,final_Fishr_e1_s101
Fishr,cartoon,102,0.8071672354948806,0.9736036655451187,1750,final_Fishr_e1_s102
Fishr,photo,100,0.9760479041916168,0.9679137004990025,1250,final_Fishr_e2_s100
Fishr,photo,101,0.9796407185628743,0.9729064589747006,500,final_Fishr_e2_s101
Fishr,photo,102,0.9820359281437125,0.9731598202616532,750,final_Fishr_e2_s102
Fishr,sketch,100,0.7841689997454823,0.9802865378681961,500,final_Fishr_e3_s100
Fishr,sketch,101,0.7711885976075338,0.977151781739428,1000,final_Fishr_e3_s101
Fishr,sketch,102,0.8078391448205651,0.9791055258091844,750,final_Fishr_e3_s102
GroupDRO,art_painting,100,0.80908203125,0.9686187046669902,2750,final_GroupDRO_e0_s100
GroupDRO,art_painting,101,0.85546875,0.9674626086712742,2500,final_GroupDRO_e0_s101
GroupDRO,art_painting,102,0.85546875,0.9612104442647178,3750,final_GroupDRO_e0_s102
GroupDRO,cartoon,100,0.8071672354948806,0.9663489273613551,1500,final_GroupDRO_e1_s100
GroupDRO,cartoon,101,0.8110068259385665,0.9639399941182528,1000,final_GroupDRO_e1_s101
GroupDRO,cartoon,102,0.818259385665529,0.9619764535526459,3500,final_GroupDRO_e1_s102
GroupDRO,photo,100,0.9562874251497006,0.950750839786549,2750,final_GroupDRO_e2_s100
GroupDRO,photo,101,0.9580838323353293,0.9594146005262134,2500,final_GroupDRO_e2_s101
GroupDRO,photo,102,0.9658682634730539,0.9492442442382485,1000,final_GroupDRO_e2_s102
GroupDRO,sketch,100,0.8233647238483075,0.9707570419105784,750,final_GroupDRO_e3_s100
GroupDRO,sketch,101,0.8157291931789259,0.9690847861462623,1500,final_GroupDRO_e3_s101
GroupDRO,sketch,102,0.7818783405446679,0.969397286758896,2750,final_GroupDRO_e3_s102
IB_ERM,art_painting,100,0.82080078125,0.9769958803064567,2250,final_IB_ERM_e0_s100
IB_ERM,art_painting,101,0.833984375,0.9781445003726555,500,final_IB_ERM_e0_s101
IB_ERM,art_painting,102,0.8720703125,0.9808410181650961,1000,final_IB_ERM_e0_s102
IB_ERM,cartoon,100,0.8165529010238908,0.9740409421451118,4500,final_IB_ERM_e1_s100
IB_ERM,cartoon,101,0.7994880546075085,0.974911811870629,2000,final_IB_ERM_e1_s101
IB_ERM,cartoon,102,0.8063139931740614,0.9738110249530373,1250,final_IB_ERM_e1_s102
IB_ERM,photo,100,0.9784431137724551,0.9666398528614902,1500,final_IB_ERM_e2_s100
IB_ERM,photo,101,0.9796407185628743,0.9729064589747006,500,final_IB_ERM_e2_s101
IB_ERM,photo,102,0.9712574850299401,0.9695643434380138,750,final_IB_ERM_e2_s102
IB_ERM,sketch,100,0.7841689997454823,0.9802865378681961,500,final_IB_ERM_e3_s100
IB_ERM,sketch,101,0.7513362178671418,0.974626531110141,1500,final_IB_ERM_e3_s101
IB_ERM,sketch,102,0.7744973275642657,0.9752360366096219,1500,final_IB_ERM_e3_s102
IB_IRM,art_painting,100,0.8603515625,0.9765848617425719,500,final_IB_IRM_e0_s100
IB_IRM,art_painting,101,0.85400390625,0.9733112304434628,500,final_IB_IRM_e0_s101
IB_IRM,art_painting,102,0.84912109375,0.9745968566976234,250,final_IB_IRM_e0_s102
IB_IRM,cartoon,100,0.8101535836177475,0.9619538957684899,250,final_IB_IRM_e1_s100
IB_IRM,cartoon,101,0.8046075085324232,0.972422653486107,500,final_IB_IRM_e1_s101
IB_IRM,cartoon,102,0.8063139931740614,0.974452922445331,500,final_IB_IRM_e1_s102
IB_IRM,photo,100,0.9808383233532935,0.9634895801513154,250,final_IB_IRM_e2_s100
IB_IRM,photo,101,0.9790419161676647,0.9637908122996812,500,final_IB_IRM_e2_s101
IB_IRM,photo,102,0.9754491017964072,0.9728172859353462,500,final_IB_IRM_e2_s102
IB_IRM,sketch,100,0.7933316365487402,0.9735680458196306,250,final_IB_IRM_e3_s100
IB_IRM,sketch,101,0.80580300330873,0.9736483086738567,500,final_IB_IRM_e3_s101
IB_IRM,sketch,102,0.7297022143038941,0.9713890297686031,500,final_IB_IRM_e3_s102
IGA,art_painting,100,0.2099609375,0.18504673922882095,1250,final_IGA_e0_s100
IGA,art_painting,101,0.19873046875,0.176746664545589,750,final_IGA_e0_s101
IGA,art_painting,102,0.15234375,0.16779649368039465,250,final_IGA_e0_s102
IGA,cartoon,100,0.1727815699658703,0.18830961875168883,1500,final_IGA_e1_s100
IGA,cartoon,101,0.2137372013651877,0.18190443276777857,1250,final_IGA_e1_s101
IGA,cartoon,102,0.1552901023890785,0.16574703519937528,500,final_IGA_e1_s102
IGA,photo,100,0.25808383233532933,0.15001336586218153,1750,final_IGA_e2_s100
IGA,photo,101,0.1568862275449102,0.20087201768792726,750,final_IGA_e2_s101
IGA,photo,102,0.11377245508982035,0.17474503370038544,2750,final_IGA_e2_s102
IGA,sketch,100,0.036650547213031306,0.2542357451731857,250,final_IGA_e3_s100
IGA,sketch,101,0.0750827182489183,0.22340306743627245,250,final_IGA_e3_s101
IGA,sketch,102,0.18885212522270298,0.1607556520920502,250,final_IGA_e3_s102
IRM,art_painting,100,0.8603515625,0.9765848617425719,500,final_IRM_e0_s100
IRM,art_painting,101,0.85400390625,0.9733112304434628,500,final_IRM_e0_s101
IRM,art_painting,102,0.84912109375,0.9745968566976234,250,final_IRM_e0_s102
IRM,cartoon,100,0.8101535836177475,0.9619538957684899,250,final_IRM_e1_s100
IRM,cartoon,101,0.8046075085324232,0.972422653486107,500,final_IRM_e1_s101
IRM,cartoon,102,0.8063139931740614,0.974452922445331,500,final_IRM_e1_s102
IRM,photo,100,0.9808383233532935,0.9634895801513154,250,final_IRM_e2_s100
IRM,photo,101,0.9790419161676647,0.9637908122996812,500,final_IRM_e2_s101
IRM,photo,102,0.9754491017964072,0.9728172859353462,500,final_IRM_e2_s102
IRM,sketch,100,0.7933316365487402,0.9735680458196306,250,final_IRM_e3_s100
IRM,sketch,101,0.80580300330873,0.9736483086738567,500,final_IRM_e3_s101
IRM,sketch,102,0.7297022143038941,0.9713890297686031,500,final_IRM_e3_s102
MLDG,art_painting,100,0.76123046875,0.9136848302415258,1500,final_MLDG_e0_s100
MLDG,art_painting,101,0.84423828125,0.9490060056271582,1000,final_MLDG_e0_s101
MLDG,art_painting,102,0.87109375,0.9427581061949267,750,final_MLDG_e0_s102
MLDG,cartoon,100,0.7478668941979523,0.9347777713226314,1750,final_MLDG_e1_s100
MLDG,cartoon,101,0.7649317406143344,0.934364846063561,1250,final_MLDG_e1_s101
MLDG,cartoon,102,0.7636518771331058,0.9390573718400335,750,final_MLDG_e1_s102
MLDG,photo,100,0.9520958083832335,0.9060219387372768,2750,final_MLDG_e2_s100
MLDG,photo,101,0.9562874251497006,0.8967695698295421,2250,final_MLDG_e2_s101
MLDG,photo,102,0.9467065868263473,0.9147264914227989,1750,final_MLDG_e2_s102
MLDG,sketch,100,0.6574191906337491,0.9132338315866125,750,final_MLDG_e3_s100
MLDG,sketch,101,0.7281751081700178,0.9331078194268683,250,final_MLDG_e3_s101
MLDG,sketch,102,0.7526088063120386,0.9424896054546289,250,final_MLDG_e3_s102
MMD,art_painting,100,0.82421875,0.9649340548039964,2750,final_MMD_e0_s100
MMD,art_painting,101,0.84130859375,0.9679045849723602,1250,final_MMD_e0_s101
MMD,art_painting,102,0.86669921875,0.9659029700411904,1750,final_MMD_e0_s102
MMD,cartoon,100,0.8011945392491467,0.955412315543022,1500,final_MMD_e1_s100
MMD,cartoon,101,0.7969283276450512,0.9545071848423129,5000,final_MMD_e1_s101
MMD,cartoon,102,0.8178327645051194,0.9623812627342142,3000,final_MMD_e1_s102
MMD,photo,100,0.9658682634730539,0.9505317394747884,4500,final_MMD_e2_s100
MMD,photo,101,0.9676646706586827,0.9553531930745267,1000,final_MMD_e2_s101
MMD,photo,102,0.9556886227544911,0.9477784783486122,5000,final_MMD_e2_s102
MMD,sketch,100,0.8106388393993382,0.9704332896908626,750,final_MMD_e3_s100
MMD,sketch,101,0.7943497073046577,0.9678855567030319,500,final_MMD_e3_s101
MMD,sketch,102,0.8017307202850598,0.9703910257765872,2250,final_MMD_e3_s102
MTL,art_painting,100,0.8466796875,0.96365456250654,3000,final_MTL_e0_s100
MTL,art_painting,101,0.84619140625,0.9684446067851232,3000,final_MTL_e0_s101
MTL,art_painting,102,0.85107421875,0.9625115493874791,3500,final_MTL_e0_s102
MTL,cartoon,100,0.8255119453924915,0.9591771528346295,1500,final_MTL_e1_s100
MTL,cartoon,101,0.8280716723549488,0.9600507610757648,750,final_MTL_e1_s101
MTL,cartoon,102,0.8319112627986348,0.9621739033262955,2000,final_MTL_e1_s102
MTL,photo,100,0.9574850299401197,0.9549492534261974,2000,final_MTL_e2_s100
MTL,photo,101,0.9670658682634731,0.9604417309858575,4250,final_MTL_e2_s101
MTL,photo,102,0.9748502994011976,0.9549628255996124,750,final_MTL_e2_s102
MTL,sketch,100,0.7938406719266989,0.9662780472115348,2500,final_MTL_e3_s100
MTL,sketch,101,0.7640621023161109,0.969942045985558,3250,final_MTL_e3_s101
MTL,sketch,102,0.8355815729193179,0.9683345364940611,3500,final_MTL_e3_s102
Mixup,art_painting,100,0.876953125,0.9762817606118266,2000,final_Mixup_e0_s100
Mixup,art_painting,101,0.88623046875,0.9768452642322737,1250,final_Mixup_e0_s101
Mixup,art_painting,102,0.888671875,0.974137005535991,4750,final_Mixup_e0_s102
Mixup,cartoon,100,0.8024744027303754,0.9706538241785315,4750,final_Mixup_e1_s100
Mixup,cartoon,101,0.7598122866894198,0.9699533143701228,4500,final_Mixup_e1_s101
Mixup,cartoon,102,0.7918088737201365,0.9762316613871752,5000,final_Mixup_e1_s102
Mixup,photo,100,0.9772455089820359,0.9702217197989081,2750,final_Mixup_e2_s100
Mixup,photo,101,0.9724550898203593,0.9677973454000114,4000,final_Mixup_e2_s101
Mixup,photo,102,0.9784431137724551,0.9628937222508617,1500,final_Mixup_e2_s102
Mixup,sketch,100,0.8302367014507508,0.9807355176592253,4500,final_Mixup_e3_s100
Mixup,sketch,101,0.8371086790531942,0.9812647603044803,4250,final_Mixup_e3_s101
Mixup,sketch,102,0.8630694833290914,0.9768660284596627,2500,final_Mixup_e3_s102
RSC,art_painting,100,0.81640625,0.9791246295041253,3500,final_RSC_e0_s100
RSC,art_painting,101,0.84521484375,0.9765613799348877,3000,final_RSC_e0_s101
RSC,art_painting,102,0.83056640625,0.9774205087565627,2250,final_RSC_e0_s102
RSC,cartoon,100,0.8020477815699659,0.968462159977617,750,final_RSC_e1_s100
RSC,cartoon,101,0.8238054607508533,0.9753265306864662,2000,final_RSC_e1_s101
RSC,cartoon,102,0.8238054607508533,0.9735234404036989,1000,final_RSC_e1_s102
RSC,photo,100,0.9760479041916168,0.9720572020744882,1250,final_RSC_e2_s100
RSC,photo,101,0.9634730538922156,0.9697834437497747,1500,final_RSC_e2_s101
RSC,photo,102,0.9760479041916168,0.9707148324865921,1500,final_RSC_e2_s102
RSC,sketch,100,0.7485365232883685,0.9783932750969337,750,final_RSC_e3_s100
RSC,sketch,101,0.8017307202850598,0.975624535102157,750,final_RSC_e3_s101
RSC,sketch,102,0.7902774242809876,0.9754415270351613,1750,final_RSC_e3_s102
SANDMask,art_painting,100,0.091796875,0.1499624790921179,1500,final_SANDMask_e0_s100
SANDMask,art_painting,101,0.1611328125,0.16945911649943077,1000,final_SANDMask_e0_s101
SANDMask,art_painting,102,0.11669921875,0.1447823553720041,2500,final_SANDMask_e0_s102
SANDMask,cartoon,100,0.14035836177474403,0.16030519746329527,3000,final_SANDMask_e1_s100
SANDMask,cartoon,101,0.11689419795221843,0.20385673764830767,3500,final_SANDMask_e1_s101
SANDMask,cartoon,102,0.10793515358361774,0.12695360839531286,2750,final_SANDMask_e1_s102
SANDMask,photo,100,0.18922155688622755,0.1303174402250913,1500,final_SANDMask_e2_s100
SANDMask,photo,101,0.3083832335329341,0.1380356166840212,1500,final_SANDMask_e2_s101
SANDMask,photo,102,0.09700598802395209,0.14437100873725855,1500,final_SANDMask_e2_s102
SANDMask,sketch,100,0.20234156273861034,0.15840687129283532,2000,final_SANDMask_e3_s100
SANDMask,sketch,101,0.10817001781623822,0.19578311456413444,1500,final_SANDMask_e3_s101
SANDMask,sketch,102,0.15474675489946552,0.11291279685420498,500,final_SANDMask_e3_s102
SD,art_painting,100,0.828125,0.9762737576727432,3000,final_SD_e0_s100
SD,art_painting,101,0.8046875,0.9785555189365404,4000,final_SD_e0_s101
SD,art_painting,102,0.87353515625,0.9797060079851185,1250,final_SD_e0_s102
SD,cartoon,100,0.8114334470989761,0.9739696816791099,3000,final_SD_e1_s100
SD,cartoon,101,0.8135665529010239,0.9728571915704821,1250,final_SD_e1_s101
SD,cartoon,102,0.8255119453924915,0.973923717512882,1000,final_SD_e1_s102
SD,photo,100,0.9796407185628743,0.9716804444857955,1500,final_SD_e2_s100
SD,photo,101,0.9790419161676647,0.969612176586621,750,final_SD_e2_s101
SD,photo,102,0.9832335329341317,0.974365221374394,750,final_SD_e2_s102
SD,sketch,100,0.7437006871977603,0.9811240161517601,750,final_SD_e3_s100
SD,sketch,101,0.7398829218630695,0.9777837695974528,1000,final_SD_e3_s101
SD,sketch,102,0.7681343853397811,0.9770490365266583,250,final_SD_e3_s102
SagNet,art_painting,100,0.7919921875,0.9754442446154563,3250,final_SagNet_e0_s100
SagNet,art_painting,101,0.81396484375,0.9764459865722309,2500,final_SagNet_e0_s101
SagNet,art_painting,102,0.81396484375,0.9751368785103862,500,final_SagNet_e0_s102
SagNet,cartoon,100,0.8255119453924915,0.9685550332689239,1500,final_SagNet_e1_s100
SagNet,cartoon,101,0.7802901023890785,0.9729716776870938,1000,final_SagNet_e1_s101
SagNet,cartoon,102,0.8532423208191127,0.9690139226942218,1500,final_SagNet_e1_s102
SagNet,photo,100,0.9688622754491018,0.9670165727373771,2250,final_SagNet_e2_s100
SagNet,photo,101,0.9622754491017964,0.9674890720488963,3250,final_SagNet_e2_s101
SagNet,photo,102,0.9808383233532935,0.9687629196864087,1250,final_SagNet_e2_s102
SagNet,sketch,100,0.7500636294222448,0.9744435230431453,2250,final_SagNet_e3_s100
SagNet,sketch,101,0.721048612878595,0.9764550476085841,2500,final_SagNet_e3_s101
SagNet,sketch,102,0.7882412827691525,0.9752585189681656,3250,final_SagNet_e3_s102
SelfReg,art_painting,100,0.82421875,0.9775692558483664,1250,final_SelfReg_e0_s100
SelfReg,art_painting,101,0.849609375,0.9787061350107233,2000,final_SelfReg_e0_s101
SelfReg,art_painting,102,0.86376953125,0.9806922710732925,500,final_SelfReg_e0_s102
SelfReg,cartoon,100,0.8071672354948806,0.9746016695371346,1250,final_SelfReg_e1_s100
SelfReg,cartoon,101,0.8161262798634812,0.9756925468204575,1000,final_SelfReg_e1_s101
SelfReg,cartoon,102,0.8276450511945392,0.9722152940781884,1750,final_SelfReg_e1_s102
SelfReg,photo,100,0.9694610778443113,0.9702902040364859,4750,final_SelfReg_e2_s100
SelfReg,photo,101,0.9802395209580839,0.9705435653234386,750,final_SelfReg_e2_s101
SelfReg,photo,102,0.9634730538922156,0.9702902040364859,5000,final_SelfReg_e2_s102
SelfReg,sketch,100,0.7299567319928735,0.9785762831639294,1250,final_SelfReg_e3_s100
SelfReg,sketch,101,0.7882412827691525,0.9783932750969337,2000,final_SelfReg_e3_s101
SelfReg,sketch,102,0.7856961058793586,0.978149785731444,750,final_SelfReg_e3_s102
TRM,art_painting,100,0.8037109375,0.9816804031438457,2000,final_TRM_e0_s100
TRM,art_painting,101,0.84228515625,0.9778587470928904,4000,final_TRM_e0_s101
TRM,art_painting,102,0.83251953125,0.9747221219817428,3000,final_TRM_e0_s102
TRM,cartoon,100,0.7627986348122867,0.9705510412529558,500,final_TRM_e1_s100
TRM,cartoon,101,0.7977815699658704,0.9735820527198138,2000,final_TRM_e1_s101
TRM,cartoon,102,0.8421501706484642,0.9726741835034866,3000,final_TRM_e1_s102
TRM,photo,100,0.9682634730538923,0.9716325736243822,3000,final_TRM_e2_s100
TRM,photo,101,0.9724550898203593,0.9731940812368451,4000,final_TRM_e2_s101
TRM,photo,102,0.9766467065868264,0.9723926951980463,1500,final_TRM_e2_s102
TRM,sketch,100,0.7294476966149147,0.9783932750969337,500,final_TRM_e3_s100
TRM,sketch,101,0.7856961058793586,0.9771095178251525,2250,final_TRM_e3_s101
TRM,sketch,102,0.737592262662255,0.9789647816564643,1500,final_TRM_e3_s102
VREx,art_painting,100,0.87744140625,0.976144754423865,1750,final_VREx_e0_s100
VREx,art_painting,101,0.8505859375,0.9772618897432963,5000,final_VREx_e0_s101
VREx,art_painting,102,0.79443359375,0.9774242467213213,2750,final_VREx_e0_s102
VREx,cartoon,100,0.8472696245733788,0.9779301751875998,3500,final_VREx_e1_s100
VREx,cartoon,101,0.8242320819112628,0.9763930566288662,1500,final_VREx_e1_s101
VREx,cartoon,102,0.8156996587030717,0.974133815436419,3500,final_VREx_e1_s102
VREx,photo,100,0.9790419161676647,0.9695573022352647,750,final_VREx_e2_s100
VREx,photo,101,0.9808383233532935,0.9690163186861674,750,final_VREx_e2_s101
VREx,photo,102,0.9664670658682635,0.9749610792748475,3500,final_VREx_e2_s102
VREx,sketch,100,0.7783150928989565,0.978679028376699,2000,final_VREx_e3_s100
VREx,sketch,101,0.7538813947569356,0.9780470405186743,1250,final_VREx_e3_s101
VREx,sketch,102,0.6922881140239247,0.9824682547220357,500,final_VREx_e3_s102
