image,class,domain,pc1,pc2,tsne1,tsne2,full_head_prediction,slice_prediction,full_head_margin
art_painting/dog/pic_104.jpg,dog,art_painting,-3.2928424,-0.9449844,-8.740077,5.924647,dog,dog,8.337224
art_painting/dog/pic_110.jpg,dog,art_painting,-3.9326992,-2.179487,-9.545076,5.8623533,dog,dog,9.171396
art_painting/dog/pic_378.jpg,dog,art_painting,-3.9052868,-2.3782146,-8.279664,6.1142635,dog,dog,8.8300495
art_painting/dog/pic_368.jpg,dog,art_painting,-2.7867372,-1.766321,-10.199801,4.4283085,dog,dog,6.901426
art_painting/dog/pic_168.jpg,dog,art_painting,-3.096804,-1.2532766,-10.463851,5.680176,dog,dog,8.164833
art_painting/dog/pic_060.jpg,dog,art_painting,-3.7386208,-1.8716574,-8.350481,4.942409,dog,dog,8.931098
art_painting/dog/pic_173.jpg,dog,art_painting,-3.917307,-1.5248473,-7.9626102,5.3897614,dog,dog,9.234144
art_painting/dog/pic_301.jpg,dog,art_painting,-3.6955366,-2.1477876,-9.199841,5.802112,dog,dog,9.330276
art_painting/dog/pic_274.jpg,dog,art_painting,-1.3066927,-1.3017609,-11.091559,4.7625947,dog,dog,4.5221357
art_painting/dog/pic_169.jpg,dog,art_painting,-3.493997,-1.9375293,-9.288344,5.8420258,dog,dog,8.644331
art_painting/dog/pic_035.jpg,dog,art_painting,-3.4349217,-2.0256298,-10.022243,6.2546263,dog,dog,8.382994
art_painting/dog/pic_221.jpg,dog,art_painting,-3.3146112,-2.1710377,-6.96788,5.2394776,dog,dog,8.989281
art_painting/dog/pic_089.jpg,dog,art_painting,-3.650683,-1.620228,-9.630381,5.332753,dog,dog,8.915191
art_painting/dog/pic_028.jpg,dog,art_painting,-3.3295345,-1.929419,-8.81412,4.546517,dog,dog,8.007338
art_painting/dog/pic_212.jpg,dog,art_painting,-4.2078395,-2.2207172,-9.055078,6.6696954,dog,dog,9.596886
art_painting/dog/pic_308.jpg,dog,art_painting,-3.7046132,-1.508579,-8.459363,5.0534906,dog,dog,8.889007
art_painting/dog/pic_194.jpg,dog,art_painting,-3.584796,-1.914232,-9.223665,7.1919174,dog,dog,8.425714
art_painting/dog/pic_090.jpg,dog,art_painting,-3.058051,-1.5391576,-9.9750395,5.4268093,dog,dog,7.9120274
art_painting/elephant/pic_132.jpg,elephant,art_painting,-2.900014,-4.379216,2.2187562,-14.915669,elephant,dog,8.193792
art_painting/elephant/pic_217.jpg,elephant,art_painting,-3.5388045,-4.8016434,3.2713366,-15.402198,elephant,dog,9.751751
art_painting/elephant/pic_244.jpg,elephant,art_painting,-2.7177122,-3.492232,2.823721,-14.702831,elephant,dog,8.682832
art_painting/elephant/pic_224.jpg,elephant,art_painting,-3.6695814,-5.0196133,4.3315916,-15.366819,elephant,dog,9.662098
art_painting/elephant/pic_006.jpg,elephant,art_painting,-2.8643255,-4.2484436,3.9720018,-16.143621,elephant,dog,8.354302
art_painting/elephant/pic_188.jpg,elephant,art_painting,-3.6530294,-2.273202,-14.362307,-14.542316,dog,dog,-3.26693
art_painting/elephant/pic_162.jpg,elephant,art_painting,-3.4949398,-4.6699166,3.5825374,-14.578616,elephant,dog,9.681349
art_painting/elephant/pic_022.jpg,elephant,art_painting,-3.4581494,-4.676241,3.8442452,-15.826025,elephant,dog,9.224202
art_painting/elephant/pic_222.jpg,elephant,art_painting,-3.5744104,-4.7919784,3.9673893,-15.056155,elephant,dog,9.668586
art_painting/elephant/pic_011.jpg,elephant,art_painting,-3.6592083,-5.3397593,4.6219907,-15.101753,elephant,dog,9.674292
art_painting/elephant/pic_146.jpg,elephant,art_painting,-3.2356539,-4.115698,3.7851038,-14.952649,elephant,dog,8.8743515
art_painting/elephant/pic_048.jpg,elephant,art_painting,-3.348515,-4.662262,4.7992907,-15.390434,elephant,dog,8.65547
art_painting/elephant/pic_042.jpg,elephant,art_painting,-2.999128,-3.628002,3.2460203,-14.797008,elephant,dog,8.416162
art_painting/elephant/pic_234.jpg,elephant,art_painting,-2.7819579,-4.2757874,4.246633,-14.527951,elephant,dog,8.607614
art_painting/elephant/pic_012.jpg,elephant,art_painting,-3.9867525,-5.3469543,4.7216244,-15.851954,elephant,dog,10.384178
art_painting/elephant/pic_003.jpg,elephant,art_painting,-1.8874807,1.0649657,-13.425792,-17.681051,horse,giraffe,-7.350299
art_painting/elephant/pic_070.jpg,elephant,art_painting,-3.7509985,-4.635977,3.6924448,-15.226602,elephant,dog,9.1945505
art_painting/elephant/pic_031.jpg,elephant,art_painting,-3.0328104,-4.7640576,4.336805,-15.6819,elephant,dog,8.834701
art_painting/giraffe/pic_307.jpg,giraffe,art_painting,-3.8699594,4.3138604,-30.319849,-0.32249677,giraffe,giraffe,8.824505
art_painting/giraffe/pic_245.jpg,giraffe,art_painting,-3.3458452,4.864901,-29.675209,0.49142748,giraffe,person,7.8023753
art_painting/giraffe/pic_105.jpg,giraffe,art_painting,-3.6258726,4.7386384,-30.671034,-0.32063773,giraffe,person,9.424049
art_painting/giraffe/pic_270.jpg,giraffe,art_painting,-0.31623185,1.3243979,-33.15002,2.354848,giraffe,giraffe,5.2193184
art_painting/giraffe/pic_144.jpg,giraffe,art_painting,-3.6017036,3.8149085,-32.074806,-1.0082481,giraffe,giraffe,8.509105
art_painting/giraffe/pic_043.jpg,giraffe,art_painting,-3.3791094,3.6773822,-33.413383,-0.7637952,giraffe,giraffe,7.7677426
art_painting/giraffe/pic_265.jpg,giraffe,art_painting,-4.01622,3.1857958,-32.1792,-2.4114258,giraffe,giraffe,7.451362
art_painting/giraffe/pic_132.jpg,giraffe,art_painting,-3.939021,3.4507372,-30.586317,0.8772176,giraffe,giraffe,6.166737
art_painting/giraffe/pic_139.jpg,giraffe,art_painting,-4.706848,4.6851225,-31.525423,-1.3943919,giraffe,giraffe,9.636256
art_painting/giraffe/pic_101.jpg,giraffe,art_painting,-4.65012,3.5965655,-32.648735,-2.3003104,giraffe,giraffe,5.826434
art_painting/giraffe/pic_168.jpg,giraffe,art_painting,-4.3114696,4.476588,-31.475859,-1.3444637,giraffe,giraffe,9.221032
art_painting/giraffe/pic_145.jpg,giraffe,art_painting,-3.7121544,4.2982855,-31.388134,-0.4356995,giraffe,giraffe,8.359043
art_painting/giraffe/pic_085.jpg,giraffe,art_painting,-3.0540931,3.945533,-29.263828,1.0102066,giraffe,person,6.3712306
art_painting/giraffe/pic_143.jpg,giraffe,art_painting,-4.378364,4.689708,-30.773188,-1.057848,giraffe,giraffe,9.618938
art_painting/giraffe/pic_028.jpg,giraffe,art_painting,-3.4616718,4.8008265,-31.52122,0.18028587,giraffe,person,9.809729
art_painting/giraffe/pic_210.jpg,giraffe,art_painting,-3.5442343,3.5758007,-30.22329,-0.39896426,giraffe,giraffe,7.967395
art_painting/giraffe/pic_261.jpg,giraffe,art_painting,-3.9677486,4.691368,-31.486563,-0.5873075,giraffe,person,9.120614
art_painting/giraffe/pic_160.jpg,giraffe,art_painting,-4.0374727,4.470693,-31.033386,-0.72644895,giraffe,giraffe,9.170032
art_painting/guitar/pic_029.jpg,guitar,art_painting,-0.08210915,-8.42801,3.5779095,30.057913,guitar,guitar,9.694184
art_painting/guitar/pic_179.jpg,guitar,art_painting,-0.1402986,-8.699544,2.8519492,31.07496,guitar,guitar,9.639815
art_painting/guitar/pic_201.jpg,guitar,art_painting,0.021914065,-7.271673,3.3538716,29.356646,guitar,guitar,8.555172
art_painting/guitar/pic_059.jpg,guitar,art_painting,-0.22233021,-8.459076,3.1111984,29.898426,guitar,guitar,9.397154
art_painting/guitar/pic_055.jpg,guitar,art_painting,-0.018379211,-8.070454,2.508458,30.503956,guitar,guitar,9.033664
art_painting/guitar/pic_031.jpg,guitar,art_painting,-0.08630186,-8.297451,3.1615465,28.178333,guitar,guitar,9.443355
art_painting/guitar/pic_035.jpg,guitar,art_painting,-0.12219292,-8.04553,2.9217472,27.911198,guitar,guitar,9.418102
art_painting/guitar/pic_197.jpg,guitar,art_painting,-0.2169221,-8.202694,2.3806815,29.33913,guitar,guitar,9.4335785
art_painting/guitar/pic_175.jpg,guitar,art_painting,-0.17771637,-8.359103,2.824775,30.426302,guitar,guitar,9.480653
art_painting/guitar/pic_037.jpg,guitar,art_painting,-0.103850245,-7.765011,2.9157856,29.99816,guitar,guitar,8.879135
art_painting/guitar/pic_099.jpg,guitar,art_painting,5.388644,-8.2557535,2.537834,32.68649,guitar,house,6.8049126
art_painting/guitar/pic_127.jpg,guitar,art_painting,-0.02083975,-7.3064723,2.1110613,27.478151,guitar,guitar,8.774366
art_painting/guitar/pic_180.jpg,guitar,art_painting,-0.26657456,-7.425853,4.073798,28.332031,guitar,guitar,8.514254
art_painting/guitar/pic_080.jpg,guitar,art_painting,0.49703223,-8.348443,3.1509516,30.15198,guitar,guitar,9.029549
art_painting/guitar/pic_020.jpg,guitar,art_painting,-0.16673398,-7.540571,3.8852963,29.20922,guitar,guitar,9.127388
art_painting/guitar/pic_063.jpg,guitar,art_painting,0.38682264,-8.196044,3.3323126,31.175863,guitar,guitar,8.889838
art_painting/guitar/pic_137.jpg,guitar,art_painting,-0.30085695,-7.272126,3.043607,27.509333,guitar,guitar,8.775488
art_painting/guitar/pic_089.jpg,guitar,art_painting,-0.12295693,-8.326295,2.6090405,30.733704,guitar,guitar,9.574158
art_painting/horse/pic_083.jpg,horse,art_painting,-2.2317338,-0.77967614,-16.16037,-21.251644,horse,dog,10.183463
art_painting/horse/pic_168.jpg,horse,art_painting,-1.9278848,-0.8682838,-15.712769,-19.91817,horse,dog,8.598394
art_painting/horse/pic_113.jpg,horse,art_painting,-2.8149595,-2.001264,-9.798331,-16.771225,horse,dog,0.19591594
art_painting/horse/pic_222.jpg,horse,art_painting,-2.9761488,-1.342335,-8.321734,3.4046428,dog,dog,-4.0520186
art_painting/horse/pic_121.jpg,horse,art_painting,-1.8515108,-0.5982638,-15.947894,-20.458385,horse,dog,8.255085
art_painting/horse/pic_157.jpg,horse,art_painting,-1.6618857,0.27175725,-14.29429,-20.788046,horse,dog,8.467365
art_painting/horse/pic_123.jpg,horse,art_painting,-2.2978864,0.15213215,-15.371327,-21.179861,horse,dog,8.598279
art_painting/horse/pic_195.jpg,horse,art_painting,-2.8406842,-1.0622778,-13.820332,-17.292612,horse,dog,4.865375
art_painting/horse/pic_076.jpg,horse,art_painting,-2.1503162,0.21640038,-15.019836,-21.754902,horse,dog,8.181746
art_painting/horse/pic_033.jpg,horse,art_painting,-2.1085172,-0.0051651597,-14.215767,-20.702951,horse,dog,8.385033
art_painting/horse/pic_133.jpg,horse,art_painting,-2.2570798,-0.74389166,-15.592191,-18.53102,horse,dog,6.344774
art_painting/horse/pic_108.jpg,horse,art_painting,-2.0916615,-0.52494794,-15.641215,-20.98243,horse,dog,8.329133
art_painting/horse/pic_114.jpg,horse,art_painting,-1.6114614,0.7387123,-14.819327,-22.484627,horse,dog,5.557674
art_painting/horse/pic_101.jpg,horse,art_painting,-3.116291,-0.26101,-14.994054,-17.497593,horse,dog,3.8610685
art_painting/horse/pic_174.jpg,horse,art_painting,-2.1730418,0.07916349,-16.346615,-21.45167,horse,dog,9.25475
art_painting/horse/pic_003.jpg,horse,art_painting,-2.1805809,-0.29081947,-15.892027,-21.325735,horse,dog,9.034307
art_painting/horse/pic_122.jpg,horse,art_painting,-2.3180141,-0.3710336,-15.605826,-21.440554,horse,dog,8.584204
art_painting/horse/pic_145.jpg,horse,art_painting,-3.0176904,-0.43402308,-12.269387,-19.075647,horse,dog,3.2861218
art_painting/house/pic_018.jpg,house,art_painting,29.935413,-7.843768,40.036556,-7.0912104,house,house,10.145121
art_painting/house/pic_148.jpg,house,art_painting,26.052317,-6.4529,38.931072,-8.655245,house,house,9.701937
art_painting/house/pic_245.jpg,house,art_painting,24.68287,-6.487708,38.547894,-8.2561655,house,house,8.510002
art_painting/house/pic_318.jpg,house,art_painting,21.985903,-5.621475,37.686565,-9.519342,house,house,9.241795
art_painting/house/pic_287.jpg,house,art_painting,20.8802,-5.4882755,39.78377,-10.3484,house,house,8.126663
art_painting/house/pic_324.jpg,house,art_painting,25.22566,-6.423719,37.766808,-9.1456585,house,house,10.182783
art_painting/house/pic_124.jpg,house,art_painting,26.001648,-6.6351843,37.725563,-8.649371,house,house,10.409035
art_painting/house/pic_251.jpg,house,art_painting,29.62486,-7.6703196,39.25518,-8.058861,house,house,10.56723
art_painting/house/pic_336.jpg,house,art_painting,24.709045,-6.1928563,38.467663,-8.965894,house,house,9.263652
art_painting/house/pic_238.jpg,house,art_painting,23.361504,-6.0067816,39.113445,-9.536637,house,house,8.912573
art_painting/house/pic_034.jpg,house,art_painting,21.911589,-5.733247,37.98342,-9.440733,house,house,8.565109
art_painting/house/pic_229.jpg,house,art_painting,31.850777,-8.253916,39.222744,-7.6418014,house,house,11.064078
art_painting/house/pic_119.jpg,house,art_painting,29.306236,-7.5339136,40.21189,-6.9543242,house,house,9.510702
art_painting/house/pic_248.jpg,house,art_painting,26.317575,-6.745989,38.99839,-8.750757,house,house,9.694273
art_painting/house/pic_178.jpg,house,art_painting,23.555546,-6.0768557,38.292248,-9.163469,house,house,9.037925
art_painting/house/pic_277.jpg,house,art_painting,30.513268,-7.7422085,39.466774,-7.898862,house,house,10.909679
art_painting/house/pic_127.jpg,house,art_painting,23.95465,-5.8242135,37.14577,-8.804702,house,house,8.999967
art_painting/house/pic_217.jpg,house,art_painting,24.792358,-6.3114676,38.59129,-8.974564,house,house,9.405886
art_painting/person/pic_246.jpg,person,art_painting,4.073494,16.132206,14.262507,7.884995,person,person,8.621712
art_painting/person/pic_410.jpg,person,art_painting,3.0834289,13.336025,14.431063,6.024589,person,person,7.6906557
art_painting/person/pic_280.jpg,person,art_painting,3.807969,16.528477,13.953518,7.274706,person,person,9.538768
art_painting/person/pic_347.jpg,person,art_painting,4.2833376,16.482761,13.911621,6.556223,person,person,9.839742
art_painting/person/pic_195.jpg,person,art_painting,3.6553633,15.282495,14.570332,9.920472,person,person,7.937206
art_painting/person/pic_004.jpg,person,art_painting,3.949256,17.713337,15.070403,10.1190605,person,person,8.812231
art_painting/person/pic_290.jpg,person,art_painting,4.2010584,17.5425,15.486546,10.558388,person,person,8.274897
art_painting/person/pic_166.jpg,person,art_painting,4.0638213,17.053318,14.764917,9.243378,person,person,8.753322
art_painting/person/pic_511.jpg,person,art_painting,4.195943,14.690911,14.104295,7.146464,person,person,8.697373
art_painting/person/pic_052.jpg,person,art_painting,3.45445,17.854635,14.762161,9.298418,person,person,9.261926
art_painting/person/pic_253.jpg,person,art_painting,3.734653,14.491671,13.495826,6.7475457,person,person,8.504557
art_painting/person/pic_094.jpg,person,art_painting,7.550846,15.809664,13.980738,6.4766603,person,person,9.02597
art_painting/person/pic_020.jpg,person,art_painting,4.551011,19.039555,15.324799,10.463935,person,person,9.380096
art_painting/person/pic_551.jpg,person,art_painting,4.7000546,15.140918,13.419463,5.8221536,person,person,9.920182
art_painting/person/pic_099.jpg,person,art_painting,4.3540926,17.824442,13.500397,7.382557,person,person,10.545084
art_painting/person/pic_033.jpg,person,art_painting,1.056942,9.84439,11.780013,9.285036,person,person,2.8975098
art_painting/person/pic_114.jpg,person,art_painting,3.1378834,14.50095,14.119691,7.499159,person,person,8.152924
art_painting/person/pic_098.jpg,person,art_painting,3.004624,15.169257,14.043059,7.1991715,person,person,8.670115
cartoon/dog/pic_081.jpg,dog,cartoon,-4.2016616,-2.978524,1.9612871,4.925203,dog,dog,0.033176184
cartoon/dog/pic_213.jpg,dog,cartoon,-2.995448,-3.1218243,2.097345,4.6104474,guitar,dog,-0.0027794838
cartoon/dog/pic_363.jpg,dog,cartoon,-0.7824662,3.1825104,5.809177,6.765057,person,person,-0.82254195
cartoon/dog/pic_120.jpg,dog,cartoon,-4.159019,-1.8023722,-1.5630039,4.6665483,dog,dog,5.9636264
cartoon/dog/pic_027.jpg,dog,cartoon,-4.5959444,-2.1830566,-2.3686345,4.38814,dog,dog,8.79807
cartoon/dog/pic_055.jpg,dog,cartoon,-3.5907264,-2.5465977,-6.42752,3.4361553,dog,dog,7.0148644
cartoon/dog/pic_446.jpg,dog,cartoon,-4.1668587,-1.9871044,-1.5224543,4.0515146,dog,dog,6.190659
cartoon/dog/pic_085.jpg,dog,cartoon,-3.9643927,-2.7549918,2.1835978,4.4282675,dog,dog,0.71251166
cartoon/dog/pic_232.jpg,dog,cartoon,-1.2908093,-6.42695,0.118536025,24.80546,guitar,elephant,-6.2956433
cartoon/dog/pic_083.jpg,dog,cartoon,-4.744505,-3.158782,-1.1317563,4.1625547,dog,dog,6.3304625
cartoon/dog/pic_226.jpg,dog,cartoon,-3.150225,-3.503475,1.838161,4.314286,dog,dog,0.41067314
cartoon/dog/pic_182.jpg,dog,cartoon,-3.3048038,1.39165,-2.0678515,4.0578866,dog,giraffe,4.8963737
cartoon/dog/pic_237.jpg,dog,cartoon,-3.687881,-0.33416295,-26.57628,-0.018686948,giraffe,dog,-4.2457623
cartoon/dog/pic_395.jpg,dog,cartoon,-3.3798146,-2.2016852,-0.98444897,4.8832874,dog,dog,5.0786486
cartoon/dog/pic_279.jpg,dog,cartoon,-4.425415,-3.0943315,-0.84821504,3.951841,dog,dog,5.221056
cartoon/dog/pic_089.jpg,dog,cartoon,-5.0279207,-2.372063,-4.242255,4.442677,dog,dog,10.332561
cartoon/dog/pic_155.jpg,dog,cartoon,-3.3185012,-2.0542645,-2.6632452,4.447132,dog,dog,8.012409
cartoon/dog/pic_435.jpg,dog,cartoon,-4.491965,-2.9437363,2.2194388,4.720372,dog,dog,0.1777761
cartoon/elephant/pic_455.jpg,elephant,cartoon,-4.6765094,-6.11098,6.010869,-10.399368,elephant,dog,8.116239
cartoon/elephant/pic_342.jpg,elephant,cartoon,-4.1852446,-4.9207473,6.037363,-8.89958,elephant,dog,6.3470426
cartoon/elephant/pic_264.jpg,elephant,cartoon,-3.4880724,-4.4833937,4.3780966,-9.361294,elephant,dog,3.65705
cartoon/elephant/pic_491.jpg,elephant,cartoon,-1.8316743,-2.9784563,0.20541374,3.701994,dog,dog,-3.2263484
cartoon/elephant/pic_113.jpg,elephant,cartoon,-3.1687136,-2.064379,4.7653246,-11.045822,elephant,dog,6.062708
cartoon/elephant/pic_243.jpg,elephant,cartoon,-3.0667582,-1.46944,-1.5071415,3.276541,dog,dog,-2.823638
cartoon/elephant/pic_305.jpg,elephant,cartoon,-2.437661,-2.9480712,-0.086762585,3.9310675,dog,dog,-4.1682296
cartoon/elephant/pic_377.jpg,elephant,cartoon,-3.2466614,-3.6834495,4.3411655,-10.099432,elephant,dog,3.1559258
cartoon/elephant/pic_249.jpg,elephant,cartoon,-3.678913,-5.1467953,4.3207417,-13.451384,elephant,dog,8.49723
cartoon/elephant/pic_079.jpg,elephant,cartoon,-4.1515827,-4.6949186,4.3036947,-12.5701065,elephant,dog,9.31167
cartoon/elephant/pic_033.jpg,elephant,cartoon,-3.1906466,-3.0303648,3.8628495,-11.086553,elephant,dog,3.4389887
cartoon/elephant/pic_032.jpg,elephant,cartoon,-4.401463,-5.504025,4.771735,-9.613647,elephant,dog,6.368216
cartoon/elephant/pic_201.jpg,elephant,cartoon,-2.5541,-3.9234307,0.72202677,3.6868556,dog,dog,-3.405793
cartoon/elephant/pic_477.jpg,elephant,cartoon,1.2830641,10.087066,10.923726,7.397604,person,person,-6.7210217
cartoon/elephant/pic_013.jpg,elephant,cartoon,-3.2196503,-3.1730351,1.9780754,4.0221767,dog,dog,-0.5132141
cartoon/elephant/pic_362.jpg,elephant,cartoon,-1.490649,1.1146326,3.7626345,4.9591894,person,giraffe,-1.3868415
cartoon/elephant/pic_213.jpg,elephant,cartoon,-2.7816489,-2.6065283,-0.26965484,4.0113597,dog,dog,-4.0003467
cartoon/elephant/pic_403.jpg,elephant,cartoon,-3.7944627,-1.1840398,2.4544606,3.8185475,elephant,dog,0.8080298
cartoon/giraffe/pic_219.jpg,giraffe,cartoon,-1.6698916,7.7356806,6.176174,6.7698874,person,person,-1.6356912
cartoon/giraffe/pic_091.jpg,giraffe,cartoon,-4.4579377,3.842652,-28.94526,-2.2485807,giraffe,giraffe,8.962599
cartoon/giraffe/pic_232.jpg,giraffe,cartoon,-4.012591,4.090587,-29.73079,-0.6873039,giraffe,giraffe,8.749385
cartoon/giraffe/pic_157.jpg,giraffe,cartoon,-4.3642673,2.6586664,-27.406366,-0.93338966,giraffe,giraffe,7.3743224
cartoon/giraffe/pic_205.jpg,giraffe,cartoon,-0.37269247,-0.49803,-25.787537,-4.913507,giraffe,dog,2.4015765
cartoon/giraffe/pic_036.jpg,giraffe,cartoon,-2.5393844,3.3032324,-26.80963,-1.2567954,giraffe,giraffe,4.322369
cartoon/giraffe/pic_009.jpg,giraffe,cartoon,-4.0330863,3.4219298,-28.880116,-0.621253,giraffe,giraffe,7.7997627
cartoon/giraffe/pic_128.jpg,giraffe,cartoon,-4.546312,4.0370717,-29.749594,-2.1231854,giraffe,giraffe,9.178641
cartoon/giraffe/pic_178.jpg,giraffe,cartoon,-2.300932,-2.2203698,0.16118811,22.848213,guitar,dog,-0.22382891
cartoon/giraffe/pic_326.jpg,giraffe,cartoon,-3.756434,2.557804,-27.502647,-0.9810331,giraffe,giraffe,6.862581
cartoon/giraffe/pic_082.jpg,giraffe,cartoon,-3.9775968,4.4205976,-30.20471,-1.0095364,giraffe,giraffe,9.292022
cartoon/giraffe/pic_114.jpg,giraffe,cartoon,-4.4142737,3.8301113,-28.901382,-1.255307,giraffe,giraffe,8.951249
cartoon/giraffe/pic_296.jpg,giraffe,cartoon,-4.4766536,1.7977872,-27.118334,-0.08850893,giraffe,giraffe,3.1352255
cartoon/giraffe/pic_116.jpg,giraffe,cartoon,-4.1075788,3.922391,-29.263655,-0.4912468,giraffe,giraffe,8.814
cartoon/giraffe/pic_317.jpg,giraffe,cartoon,-4.25077,3.0789602,-29.87973,-1.6270146,giraffe,giraffe,8.322419
cartoon/giraffe/pic_226.jpg,giraffe,cartoon,-4.3288383,3.8867586,-29.72755,-2.640481,giraffe,giraffe,8.877259
cartoon/giraffe/pic_165.jpg,giraffe,cartoon,-4.247886,1.8524492,-27.248316,-0.585791,giraffe,giraffe,6.764891
cartoon/giraffe/pic_211.jpg,giraffe,cartoon,-4.7059894,1.536053,-26.917059,-2.3820314,giraffe,giraffe,5.728682
cartoon/guitar/pic_117.jpg,guitar,cartoon,-0.29136878,-8.926066,0.24045907,28.508648,guitar,guitar,9.293045
cartoon/guitar/pic_031.jpg,guitar,cartoon,-0.3393762,-8.854445,0.024135819,28.142433,guitar,guitar,9.363988
cartoon/guitar/pic_023.jpg,guitar,cartoon,-0.37837029,-7.8506556,-0.5467242,27.27947,guitar,guitar,8.61094
cartoon/guitar/pic_067.jpg,guitar,cartoon,-0.62833667,-8.47511,-0.71340686,29.487694,guitar,guitar,8.792699
cartoon/guitar/pic_152.jpg,guitar,cartoon,-0.21351117,-7.981925,-1.9456772,30.633741,guitar,guitar,8.896822
cartoon/guitar/pic_136.jpg,guitar,cartoon,-0.48024666,-8.117971,-0.8751079,27.388557,guitar,guitar,9.123668
cartoon/guitar/pic_140.jpg,guitar,cartoon,-0.78260815,-8.40678,-0.87828064,30.12755,guitar,guitar,8.984711
cartoon/guitar/pic_110.jpg,guitar,cartoon,-0.7164742,-8.610261,-0.5424391,29.638184,guitar,guitar,8.983974
cartoon/guitar/pic_076.jpg,guitar,cartoon,-0.29510784,-7.6360025,-0.7031067,26.94503,guitar,guitar,8.942044
cartoon/guitar/pic_006.jpg,guitar,cartoon,-0.62047005,-8.419012,-0.8126042,29.862925,guitar,guitar,8.786043
cartoon/guitar/pic_052.jpg,guitar,cartoon,-0.07202363,-7.0930247,-2.0356653,30.650984,guitar,guitar,8.117004
cartoon/guitar/pic_011.jpg,guitar,cartoon,-0.62267554,-8.038893,-1.0643486,28.53987,guitar,guitar,8.698706
cartoon/guitar/pic_129.jpg,guitar,cartoon,-0.7487092,-7.8440275,-1.4174998,28.301125,guitar,guitar,8.62185
cartoon/guitar/pic_125.jpg,guitar,cartoon,-0.5284128,-7.173127,-2.3290677,28.471968,guitar,guitar,8.115933
cartoon/guitar/pic_096.jpg,guitar,cartoon,-0.43443,-8.178026,-1.2527107,27.174042,guitar,guitar,9.329156
cartoon/guitar/pic_131.jpg,guitar,cartoon,-0.37683606,-7.597625,-0.43333748,26.424858,guitar,guitar,8.497314
cartoon/guitar/pic_084.jpg,guitar,cartoon,-0.72364736,-9.137023,-1.188583,27.564096,guitar,guitar,9.969355
cartoon/guitar/pic_059.jpg,guitar,cartoon,-0.44470274,-8.305828,-0.32631877,29.88695,guitar,guitar,9.162519
cartoon/horse/pic_229.jpg,horse,cartoon,-2.5636492,-0.8518116,-16.695957,-19.229374,horse,dog,8.3385315
cartoon/horse/pic_275.jpg,horse,cartoon,-2.6185076,-1.1425331,-17.107063,-19.868458,horse,dog,8.849974
cartoon/horse/pic_032.jpg,horse,cartoon,-2.629807,-1.3424611,-16.838434,-19.481335,horse,dog,7.642947
cartoon/horse/pic_034.jpg,horse,cartoon,-2.1232972,-1.4583547,3.9300165,4.15624,horse,dog,1.2812877
cartoon/horse/pic_106.jpg,horse,cartoon,-4.8338203,-0.4429391,-14.710521,-14.453038,dog,dog,-0.9754009
cartoon/horse/pic_250.jpg,horse,cartoon,-0.80121577,-2.255786,0.24043429,23.959091,guitar,dog,-7.444296
cartoon/horse/pic_048.jpg,horse,cartoon,-2.8019671,-1.4405591,-16.113367,-17.728607,horse,dog,5.9048214
cartoon/horse/pic_039.jpg,horse,cartoon,-2.7906985,-1.9622755,-16.883524,-17.098942,horse,dog,3.7260256
cartoon/horse/pic_267.jpg,horse,cartoon,-4.1588283,-0.93498427,0.8263982,5.284107,dog,dog,-3.8118477
cartoon/horse/pic_242.jpg,horse,cartoon,-0.34740853,-4.1544027,0.37639642,23.842178,guitar,dog,-4.7290697
cartoon/horse/pic_364.jpg,horse,cartoon,-3.6317844,1.6644721,-25.44386,-6.015648,horse,giraffe,0.7408073
cartoon/horse/pic_058.jpg,horse,cartoon,-3.2730384,-1.256279,-16.92729,-19.615568,horse,dog,10.097817
cartoon/horse/pic_191.jpg,horse,cartoon,-1.3402169,0.9204102,3.9356036,5.0076356,person,giraffe,-2.7816763
cartoon/horse/pic_169.jpg,horse,cartoon,-2.7459216,-0.76875716,-16.850216,-19.121809,horse,dog,9.046238
cartoon/horse/pic_161.jpg,horse,cartoon,-3.2524433,-1.7011034,-16.99969,-17.589401,horse,dog,5.9456196
cartoon/horse/pic_271.jpg,horse,cartoon,-2.6128078,-1.0890684,-16.980106,-19.594687,horse,dog,8.156891
cartoon/horse/pic_072.jpg,horse,cartoon,-1.2683141,1.5693467,3.810059,5.384161,guitar,giraffe,-3.1501393
cartoon/horse/pic_317.jpg,horse,cartoon,-5.3877025,-1.4370677,-14.884504,-14.577341,horse,dog,1.261934
cartoon/house/pic_040.jpg,house,cartoon,20.045143,-5.5677757,38.727726,-11.951298,house,house,7.161751
cartoon/house/pic_283.jpg,house,cartoon,25.11522,-6.7857122,42.13312,-8.966704,house,house,8.305701
cartoon/house/pic_082.jpg,house,cartoon,19.60553,-5.761815,38.278835,-12.499177,house,house,6.755422
cartoon/house/pic_090.jpg,house,cartoon,25.542484,-7.007494,38.484715,-11.143937,house,house,9.031675
cartoon/house/pic_172.jpg,house,cartoon,20.935802,-6.5041084,38.13123,-12.296932,house,house,7.092784
cartoon/house/pic_022.jpg,house,cartoon,24.123806,-6.6830435,38.543915,-11.250888,house,house,8.420912
cartoon/house/pic_057.jpg,house,cartoon,14.961973,-6.0995564,34.54825,-12.889651,house,house,4.445134
cartoon/house/pic_160.jpg,house,cartoon,19.85053,-5.768505,37.956974,-12.751362,house,house,7.5426226
cartoon/house/pic_276.jpg,house,cartoon,22.77023,-6.5425196,37.135494,-13.787687,house,house,8.697567
cartoon/house/pic_226.jpg,house,cartoon,20.44594,-5.817991,38.195705,-12.264163,house,house,7.600406
cartoon/house/pic_256.jpg,house,cartoon,13.945387,-5.5291486,35.58171,-12.181068,house,house,5.418379
cartoon/house/pic_322.jpg,house,cartoon,18.683523,-4.207603,37.010403,-11.228676,house,house,7.248903
cartoon/house/pic_131.jpg,house,cartoon,19.935102,-5.4899063,37.639275,-12.701913,house,house,7.86563
cartoon/house/pic_201.jpg,house,cartoon,19.51364,-5.519004,37.060448,-12.761844,house,house,7.3604765
cartoon/house/pic_062.jpg,house,cartoon,21.822329,-5.7563553,37.305695,-12.24968,house,house,8.358997
cartoon/house/pic_053.jpg,house,cartoon,25.407253,-6.7488832,38.46792,-10.144153,house,house,9.55976
cartoon/house/pic_328.jpg,house,cartoon,22.063242,-5.933116,37.538548,-10.174142,house,house,8.394186
cartoon/house/pic_304.jpg,house,cartoon,19.388744,-5.767792,37.967316,-12.897555,house,house,7.024123
cartoon/person/pic_052.jpg,person,cartoon,-1.9327526,-3.247718,2.6660018,4.9887624,guitar,dog,-3.9550858
cartoon/person/pic_207.jpg,person,cartoon,-1.1734781,-1.1669462,3.4710107,4.484777,elephant,dog,-0.56590486
cartoon/person/pic_397.jpg,person,cartoon,-1.213415,-3.9228528,3.088501,2.5691483,elephant,dog,-4.950784
cartoon/person/pic_295.jpg,person,cartoon,3.074898,13.027885,12.653745,8.564699,person,person,6.739478
cartoon/person/pic_324.jpg,person,cartoon,-0.6485213,5.046593,6.351874,5.7615943,person,person,1.7356784
cartoon/person/pic_054.jpg,person,cartoon,3.7628365,15.800161,13.097236,7.22494,person,person,8.864744
cartoon/person/pic_175.jpg,person,cartoon,1.7253461,11.703933,11.613074,8.173513,person,person,5.968093
cartoon/person/pic_384.jpg,person,cartoon,13.400005,0.65998125,40.090286,-12.147472,house,house,-2.2660365
cartoon/person/pic_347.jpg,person,cartoon,3.3936427,15.783072,13.172807,6.725541,person,person,9.002985
cartoon/person/pic_359.jpg,person,cartoon,2.6443844,12.615513,11.773877,8.054862,person,person,7.022892
cartoon/person/pic_167.jpg,person,cartoon,-2.206583,4.12187,5.8077464,6.1060343,dog,person,-0.39640617
cartoon/person/pic_262.jpg,person,cartoon,3.0511992,14.385959,13.874052,9.785078,person,person,7.4941607
cartoon/person/pic_405.jpg,person,cartoon,3.107294,14.080807,12.531327,8.179133,person,person,7.8245482
cartoon/person/pic_185.jpg,person,cartoon,2.3864055,13.316053,11.848033,7.105539,person,person,7.6626
cartoon/person/pic_388.jpg,person,cartoon,0.47085172,-0.7369018,3.6389532,5.002846,guitar,dog,-1.5328937
cartoon/person/pic_110.jpg,person,cartoon,0.36728135,3.808234,5.8594885,4.898271,person,person,1.8023227
cartoon/person/pic_229.jpg,person,cartoon,-0.5114789,4.2344584,6.363532,5.2048774,person,person,1.7008947
cartoon/person/pic_042.jpg,person,cartoon,3.1715574,15.80261,12.665815,6.724213,person,person,9.402414
photo/dog/n02103406_2954.jpg,dog,photo,-4.008432,-2.3410876,-7.4015675,6.903679,dog,dog,9.056162
photo/dog/n02106662_1922.jpg,dog,photo,-3.6398726,-2.3546743,-6.7786055,6.6102676,dog,dog,9.213319
photo/dog/n02109525_13700.jpg,dog,photo,-3.574328,-1.9954605,-8.807821,6.470622,dog,dog,8.411024
photo/dog/n02109525_5966.jpg,dog,photo,-3.5536737,-1.8777988,-9.066475,6.620593,dog,dog,8.39101
photo/dog/n02106662_5001.jpg,dog,photo,-3.620606,-2.4000533,-6.870215,6.959206,dog,dog,8.546805
photo/dog/056_0016.jpg,dog,photo,-2.8339107,-1.3928607,-10.785179,5.4510174,dog,dog,7.592897
photo/dog/n02103406_13049.jpg,dog,photo,-3.7827983,-2.0839026,-7.929529,4.0766363,dog,dog,7.4591293
photo/dog/056_0058.jpg,dog,photo,-2.552232,-2.232917,-6.8911347,6.074179,dog,dog,8.691179
photo/dog/056_0086.jpg,dog,photo,-2.8675888,-1.5090795,-10.836386,6.042965,dog,dog,7.487026
photo/dog/n02106662_24577.jpg,dog,photo,-3.9233255,-2.612426,-7.0638313,6.4929743,dog,dog,9.170579
photo/dog/n02103406_3750.jpg,dog,photo,-3.8099775,-1.9003146,-8.863206,6.607547,dog,dog,8.841491
photo/dog/056_0095.jpg,dog,photo,-3.9244075,-2.2938826,-8.132718,5.8890524,dog,dog,10.147991
photo/dog/056_0088.jpg,dog,photo,-3.409843,-2.218975,-6.7316875,7.1430044,dog,dog,7.7559204
photo/dog/056_0043.jpg,dog,photo,-4.49063,-2.4777107,-7.501755,5.122618,dog,dog,9.733042
photo/dog/n02106662_2101.jpg,dog,photo,-3.3000243,-2.2371242,-6.7155833,6.550306,dog,dog,8.364871
photo/dog/n02103406_5601.jpg,dog,photo,-3.999496,-2.374475,-6.974543,5.748004,dog,dog,9.1391945
photo/dog/056_0035.jpg,dog,photo,-3.8598347,-2.0052726,-7.822078,4.747723,dog,dog,8.788404
photo/dog/056_0067.jpg,dog,photo,-3.9059477,-2.3043842,-7.346022,5.449155,dog,dog,9.598861
photo/elephant/n02503517_5287.jpg,elephant,photo,-3.1080875,-4.288396,2.7578669,-15.895147,elephant,dog,8.891388
photo/elephant/064_0086.jpg,elephant,photo,-2.3345747,-4.72675,3.2409222,-16.09842,elephant,dog,8.735105
photo/elephant/n02503517_9043.jpg,elephant,photo,-3.5283995,-4.5229316,2.2263796,-15.953222,elephant,dog,8.7590275
photo/elephant/n02503517_6880.jpg,elephant,photo,-3.2267427,-4.593839,3.5596917,-16.787231,elephant,dog,8.971222
photo/elephant/064_0108.jpg,elephant,photo,-3.565403,-4.900216,3.5636468,-16.361996,elephant,dog,9.191807
photo/elephant/064_0012.jpg,elephant,photo,-3.1327224,-4.562608,3.4420018,-17.077036,elephant,dog,8.578998
photo/elephant/n02503517_79.jpg,elephant,photo,-3.2826295,-4.70158,3.2591913,-16.105974,elephant,dog,9.190731
photo/elephant/064_0005.jpg,elephant,photo,-3.3647666,-4.319076,3.8361485,-15.735197,elephant,dog,8.809186
photo/elephant/n02503517_4605.jpg,elephant,photo,-3.30312,-3.982384,2.2710242,-16.605396,elephant,dog,8.024718
photo/elephant/n02503517_3799.jpg,elephant,photo,-3.198771,-4.5878534,3.004328,-16.708677,elephant,dog,8.719227
photo/elephant/064_0054.jpg,elephant,photo,-2.679151,-4.855603,2.9419708,-15.745765,elephant,dog,9.147278
photo/elephant/064_0017.jpg,elephant,photo,-3.1523347,-4.743814,4.188055,-16.276814,elephant,dog,8.949947
photo/elephant/064_0121.jpg,elephant,photo,-2.0353608,-3.36073,-9.714614,-16.753859,elephant,dog,0.6234493
photo/elephant/n02503517_9270.jpg,elephant,photo,-3.313727,-4.9565268,4.114249,-16.426908,elephant,dog,8.544156
photo/elephant/064_0130.jpg,elephant,photo,-3.3241138,-4.86617,4.2226753,-16.771536,elephant,dog,9.068648
photo/elephant/064_0001.jpg,elephant,photo,-2.861805,-4.0822234,2.5725915,-13.753875,elephant,dog,6.6010475
photo/elephant/n02503517_1829.jpg,elephant,photo,-3.2938943,-4.331584,2.6107404,-15.75503,elephant,dog,9.266352
photo/elephant/n02503517_10300.jpg,elephant,photo,-3.0852299,-4.378297,3.1396587,-16.694712,elephant,dog,8.471861
photo/giraffe/n02439033_14148.jpg,giraffe,photo,-3.7661104,3.950061,-33.644173,0.3445398,giraffe,giraffe,8.612093
photo/giraffe/084_0047.jpg,giraffe,photo,-4.056766,4.740938,-32.50575,0.38878584,giraffe,person,10.194677
photo/giraffe/n02439033_6552.jpg,giraffe,photo,-4.0379553,4.289016,-31.874876,-1.0627962,giraffe,giraffe,8.869592
photo/giraffe/084_0057.jpg,giraffe,photo,-3.650548,3.9853003,-33.61148,0.52112335,giraffe,giraffe,8.60286
photo/giraffe/084_0031.jpg,giraffe,photo,-2.604458,3.802314,-33.876637,1.2845228,giraffe,person,8.189701
photo/giraffe/084_0050.jpg,giraffe,photo,-3.1218743,3.6138222,-33.742485,1.1222342,giraffe,giraffe,7.9084606
photo/giraffe/084_0045.jpg,giraffe,photo,-2.7728167,3.686845,-34.234715,0.45988724,giraffe,person,8.116949
photo/giraffe/n02439033_16356.jpg,giraffe,photo,-3.1886444,4.3239064,-32.854122,0.50155807,giraffe,person,8.58807
photo/giraffe/084_0001.jpg,giraffe,photo,-3.5468178,4.3090334,-32.758137,0.47346717,giraffe,person,9.319895
photo/giraffe/084_0084.jpg,giraffe,photo,-1.644131,3.2008774,-33.37331,1.509032,giraffe,person,7.995469
photo/giraffe/n02439033_9472.jpg,giraffe,photo,-3.8264732,4.598807,-32.921253,0.43337667,giraffe,person,9.269897
photo/giraffe/n02439033_12485.jpg,giraffe,photo,-4.297099,4.257303,-31.886133,-1.2437892,giraffe,giraffe,8.987169
photo/giraffe/n02439033_14609.jpg,giraffe,photo,-4.0787826,3.1483097,-31.50115,1.2292933,giraffe,giraffe,6.519354
photo/giraffe/n02439033_14580.jpg,giraffe,photo,-4.0590076,4.42058,-32.218826,-0.82066905,giraffe,giraffe,8.876241
photo/giraffe/n02439033_11487.jpg,giraffe,photo,-3.977777,5.0997953,-32.20727,-0.38514692,giraffe,person,9.049985
photo/giraffe/n02439033_11215.jpg,giraffe,photo,-4.1164837,4.274464,-32.117737,-1.1690348,giraffe,giraffe,8.961638
photo/giraffe/084_0068.jpg,giraffe,photo,-3.9784312,4.676814,-33.30664,0.42101592,giraffe,person,9.839104
photo/giraffe/084_0077.jpg,giraffe,photo,-3.4224648,3.9623268,-33.181007,1.0137093,giraffe,giraffe,8.692523
photo/guitar/n03272010_392.jpg,guitar,photo,0.20814827,-7.704419,2.057297,29.585669,guitar,guitar,8.804358
photo/guitar/063_0082.jpg,guitar,photo,0.74959254,-8.2333145,1.8800802,31.072527,guitar,guitar,9.047329
photo/guitar/n02676566_11573.jpg,guitar,photo,-0.034986973,-8.443534,1.2113897,29.078875,guitar,guitar,9.326955
photo/guitar/063_0094.jpg,guitar,photo,4.300578,-5.937523,2.490309,32.739838,guitar,house,5.868049
photo/guitar/063_0081.jpg,guitar,photo,0.13162225,-7.798153,2.5821338,31.598492,guitar,guitar,8.979988
photo/guitar/n02676566_8309.jpg,guitar,photo,-0.05095339,-8.16231,1.2406507,28.093851,guitar,guitar,9.332336
photo/guitar/063_0069.jpg,guitar,photo,-0.25748634,-8.480383,1.0431927,30.184126,guitar,guitar,9.73628
photo/guitar/063_0079.jpg,guitar,photo,0.026116252,-5.9560256,1.38494,30.26707,guitar,guitar,8.2911005
photo/guitar/n02676566_330.jpg,guitar,photo,0.00084358454,-7.9581985,1.3115615,28.234396,guitar,guitar,9.18299
photo/guitar/n02676566_5735.jpg,guitar,photo,-0.21192193,-8.425672,1.0158267,28.561882,guitar,guitar,9.404352
photo/guitar/063_0088.jpg,guitar,photo,0.068727374,-8.615366,1.0444267,30.065308,guitar,guitar,9.595364
photo/guitar/063_0059.jpg,guitar,photo,-0.3243649,-8.872764,0.42520264,30.982208,guitar,guitar,9.289068
photo/guitar/n02676566_6914.jpg,guitar,photo,0.167162,-7.811243,1.4452535,28.213884,guitar,guitar,9.193024
photo/guitar/n02676566_7830.jpg,guitar,photo,-0.06616968,-7.9855356,1.5647986,27.50648,guitar,guitar,9.255379
photo/guitar/063_0112.jpg,guitar,photo,-0.51014006,-8.348856,0.069397375,30.874607,guitar,guitar,8.9376
photo/guitar/n03467517_17233.jpg,guitar,photo,-0.031161249,-8.628158,0.95308906,28.583551,guitar,guitar,9.4184475
photo/guitar/n03467517_21884.jpg,guitar,photo,-0.24031478,-8.0595455,0.8294336,28.482155,guitar,guitar,9.052397
photo/guitar/063_0038.jpg,guitar,photo,1.2376006,-8.581088,1.6558194,31.233894,guitar,guitar,8.83433
photo/horse/n02374451_11483.jpg,horse,photo,-2.622244,-0.13098365,-13.090272,-19.045563,horse,dog,6.941247
photo/horse/n02374451_12128.jpg,horse,photo,-1.6816871,-0.41190618,-15.044438,-20.586956,horse,dog,8.479044
photo/horse/105_0092.jpg,horse,photo,-2.4655657,0.50365984,-12.751048,-18.368786,horse,dog,4.149975
photo/horse/n02374451_9064.jpg,horse,photo,-1.4258068,-0.77327317,-14.625286,-20.27425,horse,dog,9.194414
photo/horse/105_0143.jpg,horse,photo,-1.1879765,-0.5036188,-13.694514,-19.630262,horse,dog,7.570039
photo/horse/105_0264.jpg,horse,photo,-2.4552493,-0.5938086,-15.433125,-19.585855,horse,dog,8.360361
photo/horse/105_0124.jpg,horse,photo,-2.5398164,-0.26870412,-13.656739,-18.89543,horse,dog,8.381896
photo/horse/n02374451_18570.jpg,horse,photo,-2.6126022,-1.2794499,-15.146137,-17.30266,horse,dog,2.5827081
photo/horse/105_0109.jpg,horse,photo,-2.8917022,-0.5059083,-14.429291,-19.237171,horse,dog,8.735594
photo/horse/105_0208.jpg,horse,photo,0.61762196,-0.8420984,-13.365716,-18.409794,horse,dog,5.3469725
photo/horse/n02374451_14425.jpg,horse,photo,-2.0557065,-0.56150705,-14.546513,-19.65376,horse,dog,8.727184
photo/horse/n02374451_12250.jpg,horse,photo,-1.4769366,1.4392068,-13.869272,-20.76574,horse,giraffe,7.697785
photo/horse/105_0134.jpg,horse,photo,-1.6148424,-0.9222674,-14.430516,-19.694868,horse,dog,7.7552805
photo/horse/105_0075.jpg,horse,photo,-2.5887165,0.28406116,-12.683862,-17.84493,horse,dog,3.5175862
photo/horse/n02374451_12254.jpg,horse,photo,-1.8609006,-0.44514853,-14.57787,-20.082045,horse,dog,9.247762
photo/horse/n02374451_262.jpg,horse,photo,-2.3497965,-0.57664686,-14.839931,-20.665323,horse,dog,9.766953
photo/horse/105_0013.jpg,horse,photo,-2.9557896,-0.52032274,-14.98412,-17.885101,horse,dog,6.38569
photo/horse/105_0008.jpg,horse,photo,-2.5925765,-0.48769253,-14.310192,-19.817432,horse,dog,9.81831
photo/house/pic_279.jpg,house,photo,26.444027,-6.716282,40.15965,-8.57671,house,house,9.364882
photo/house/pic_280.jpg,house,photo,20.040766,-5.324523,39.94217,-11.084754,house,house,7.266713
photo/house/pic_206.jpg,house,photo,27.91954,-7.2228556,41.45551,-7.9667244,house,house,9.270491
photo/house/pic_285.jpg,house,photo,22.021284,-6.0152316,40.64826,-10.267037,house,house,7.2955027
photo/house/pic_125.jpg,house,photo,26.650862,-6.795425,40.940533,-8.913603,house,house,9.329782
photo/house/pic_236.jpg,house,photo,25.062513,-6.5389886,40.45831,-9.295505,house,house,8.840447
photo/house/pic_109.jpg,house,photo,23.524164,-5.930524,40.25636,-9.839591,house,house,8.555451
photo/house/pic_007.jpg,house,photo,26.686079,-6.757093,41.020466,-8.279194,house,house,9.107121
photo/house/pic_174.jpg,house,photo,25.111952,-6.446514,41.003075,-9.064548,house,house,8.590692
photo/house/pic_272.jpg,house,photo,29.499098,-7.2848496,41.748524,-8.084632,house,house,9.638929
photo/house/pic_251.jpg,house,photo,22.089945,-6.0153728,39.49473,-9.963291,house,house,8.351248
photo/house/pic_117.jpg,house,photo,28.973797,-7.3615084,41.539482,-8.043977,house,house,9.5847225
photo/house/pic_094.jpg,house,photo,28.839275,-7.522086,41.00207,-7.933155,house,house,9.670983
photo/house/pic_084.jpg,house,photo,23.772234,-6.3676567,40.782394,-9.380272,house,house,8.421469
photo/house/pic_203.jpg,house,photo,22.126476,-5.8257675,40.188732,-10.031726,house,house,8.134347
photo/house/pic_263.jpg,house,photo,25.742401,-6.472806,40.495083,-8.393836,house,house,8.912115
photo/house/pic_208.jpg,house,photo,27.830006,-7.2666407,41.12296,-8.438827,house,house,9.469808
photo/house/pic_288.jpg,house,photo,26.51499,-6.9393654,41.380383,-8.673968,house,house,8.887792
photo/person/253_0019.jpg,person,photo,4.606968,20.119625,16.494114,11.759944,person,person,9.239956
photo/person/253_0152.jpg,person,photo,4.6455455,20.456507,16.385494,12.02781,person,person,9.124115
photo/person/253_0066.jpg,person,photo,4.4679146,19.997923,15.72605,11.333054,person,person,9.147569
photo/person/253_0204.jpg,person,photo,4.5824165,20.206564,16.34408,11.978091,person,person,9.032327
photo/person/253_0300.jpg,person,photo,5.0173388,20.035248,16.263117,10.879846,person,person,9.185245
photo/person/253_0356.jpg,person,photo,5.234433,19.821459,16.269497,11.013558,person,person,9.121115
photo/person/253_0218.jpg,person,photo,4.5503607,19.074251,15.563754,11.789804,person,person,8.922996
photo/person/253_0177.jpg,person,photo,4.636958,19.841675,16.724903,11.481592,person,person,8.81978
photo/person/253_0137.jpg,person,photo,4.6769466,20.46554,15.948601,11.223038,person,person,9.294295
photo/person/253_0227.jpg,person,photo,4.40045,19.449701,15.507974,11.601625,person,person,8.842958
photo/person/253_0022.jpg,person,photo,4.7843595,19.374228,16.109747,11.46982,person,person,8.903104
photo/person/253_0116.jpg,person,photo,4.911812,19.86268,15.850067,11.996258,person,person,8.958369
photo/person/253_0242.jpg,person,photo,4.623318,20.147179,16.659704,11.618458,person,person,9.064795
photo/person/253_0258.jpg,person,photo,4.6672244,19.379335,15.689922,11.799395,person,person,8.918892
photo/person/253_0095.jpg,person,photo,4.916054,19.37081,16.523739,11.224232,person,person,8.931207
photo/person/253_0016.jpg,person,photo,4.4349213,18.608143,16.522163,10.91072,person,person,8.794784
photo/person/253_0105.jpg,person,photo,4.0943832,18.831161,15.49604,11.183456,person,person,8.864399
photo/person/253_0120.jpg,person,photo,4.470479,18.683962,15.998083,12.112884,person,person,8.695497
sketch/dog/n02109525_704-5.png,dog,sketch,-5.329376,-2.658871,-3.9847293,2.0505126,dog,dog,3.7640753
sketch/dog/n02109525_9037-7.png,dog,sketch,-4.6768756,-2.8078744,-4.6914043,2.5711737,dog,dog,6.878599
sketch/dog/n02103406_3299-8.png,dog,sketch,-4.9927506,-3.243646,-5.3289413,3.3121605,dog,dog,8.825057
sketch/dog/n02103406_865-3.png,dog,sketch,-5.037266,-3.2044685,-5.4401045,3.425304,dog,dog,9.152475
sketch/dog/n02103406_936-9.png,dog,sketch,-4.482346,-4.5656805,5.428368,-8.380611,elephant,dog,-2.7239122
sketch/dog/5356.png,dog,sketch,-4.9780636,-2.8296077,-4.791752,3.7845476,dog,dog,9.7057085
sketch/dog/n02109525_18347-4.png,dog,sketch,-4.8756957,-2.9944203,-5.46111,3.755111,dog,dog,9.116551
sketch/dog/n02103406_346-1.png,dog,sketch,-5.3456764,-3.6623309,-4.804668,2.3956153,dog,dog,8.703905
sketch/dog/n02109525_704-4.png,dog,sketch,-4.96755,-3.211692,-4.95218,2.972198,dog,dog,8.2405205
sketch/dog/n02103406_1247-1.png,dog,sketch,-4.8263464,-3.0097346,-5.646297,4.0006647,dog,dog,9.505258
sketch/dog/n02103406_8004-4.png,dog,sketch,-5.5431995,-2.5043724,-4.208326,3.2338095,dog,dog,8.022382
sketch/dog/n02106662_2740-4.png,dog,sketch,-5.804053,-2.8834798,-4.9244895,3.723457,dog,dog,9.901026
sketch/dog/n02106662_928-8.png,dog,sketch,-5.244527,-3.2491243,-5.474639,2.1056545,dog,dog,6.009961
sketch/dog/n02103406_3132-7.png,dog,sketch,-4.465846,-2.7433074,-5.323914,3.427626,dog,dog,8.147429
sketch/dog/n02103406_4068-9.png,dog,sketch,-4.760434,-2.9095495,-5.519125,3.0724201,dog,dog,8.66214
sketch/dog/n02103406_651-1.png,dog,sketch,-4.8150296,-2.7348316,-5.4473095,3.8535323,dog,dog,9.21488
sketch/dog/n02109525_7874-4.png,dog,sketch,-4.400397,-2.4678118,-5.0427785,3.546803,dog,dog,7.990029
sketch/dog/n02106662_18953-1.png,dog,sketch,-4.762594,-3.0820103,-5.5172467,2.901113,dog,dog,8.460986
sketch/elephant/n02503517_5527-4.png,elephant,sketch,-5.207979,-5.800871,6.4556684,-9.313134,elephant,dog,8.169978
sketch/elephant/n02503517_3808-8.png,elephant,sketch,-5.5827622,-6.317342,6.8031735,-9.919873,elephant,dog,9.441513
sketch/elephant/n02503517_5905-5.png,elephant,sketch,-5.2595024,-3.6125844,5.755551,-8.426912,elephant,dog,3.0835543
sketch/elephant/n02503517_9827-4.png,elephant,sketch,-5.498108,-6.0372105,5.9996786,-9.224532,elephant,dog,7.8025103
sketch/elephant/n02503517_7393-2.png,elephant,sketch,-5.386658,-6.0558248,6.7369914,-9.621143,elephant,dog,8.797377
sketch/elephant/n02503517_9043-1.png,elephant,sketch,-4.96953,-5.0349684,6.909353,-9.521466,elephant,dog,7.916358
sketch/elephant/n02503517_7592-8.png,elephant,sketch,-5.148393,-5.837038,6.540845,-9.986985,elephant,dog,8.512631
sketch/elephant/n02503517_2547-2.png,elephant,sketch,-5.6342964,-6.043462,6.609539,-9.421675,elephant,dog,8.596054
sketch/elephant/5924.png,elephant,sketch,1.2394629,-5.37624,5.4826193,-7.876003,elephant,guitar,3.6032248
sketch/elephant/n02503517_9421-1.png,elephant,sketch,-5.4633493,-3.6522238,-4.694349,2.7264018,dog,dog,-8.044583
sketch/elephant/n02503517_12688-3.png,elephant,sketch,-4.9419537,-5.254861,5.832944,-8.994909,elephant,dog,5.8828435
sketch/elephant/n02503517_8518-4.png,elephant,sketch,-5.4479094,-5.924143,6.34165,-9.611901,elephant,dog,8.454708
sketch/elephant/n02503517_8292-4.png,elephant,sketch,-5.867813,-3.3561785,7.2748322,-8.973894,elephant,dog,4.2905173
sketch/elephant/n02503517_9827-7.png,elephant,sketch,-5.1845837,-6.1654177,6.3694696,-9.822619,elephant,dog,9.004616
sketch/elephant/n02503517_3072-6.png,elephant,sketch,-5.054237,-5.912833,6.678484,-10.028749,elephant,dog,8.914911
sketch/elephant/n02503517_4221-3.png,elephant,sketch,-5.099357,-4.0513434,6.6632943,-8.621785,elephant,dog,4.6925693
sketch/elephant/5948.png,elephant,sketch,-5.024359,-6.10921,6.218669,-10.178816,elephant,dog,8.962802
sketch/elephant/n02503517_759-4.png,elephant,sketch,-5.1954575,-5.955525,6.1751475,-9.925073,elephant,dog,9.347353
sketch/giraffe/n02439033_14885-3.png,giraffe,sketch,-4.649233,3.3123724,-28.239574,-4.52399,giraffe,giraffe,7.3352942
sketch/giraffe/7395.png,giraffe,sketch,-5.012964,3.8935943,-29.356407,-3.6926057,giraffe,giraffe,9.596121
sketch/giraffe/n02439033_15453-7.png,giraffe,sketch,-4.7916145,4.094055,-29.419691,-3.3606248,giraffe,giraffe,9.718653
sketch/giraffe/n02439033_221-1.png,giraffe,sketch,-4.11917,3.4024253,-29.0363,-4.350152,giraffe,giraffe,8.392046
sketch/giraffe/n02439033_9604-3.png,giraffe,sketch,-4.5642304,3.7431476,-28.904375,-3.4259696,giraffe,giraffe,8.967428
sketch/giraffe/n02439033_10130-5.png,giraffe,sketch,-5.61194,1.6578263,-26.79821,-5.012522,giraffe,giraffe,5.6904016
sketch/giraffe/n02439033_14184-5.png,giraffe,sketch,-4.726628,3.2470255,-28.342138,-4.0987124,giraffe,giraffe,8.735794
sketch/giraffe/n02439033_16356-2.png,giraffe,sketch,-4.9782333,3.9803035,-29.419466,-4.0086055,giraffe,giraffe,9.674064
sketch/giraffe/n02439033_11487-2.png,giraffe,sketch,-4.2190976,0.5791841,-25.36949,-6.248337,horse,dog,-1.7855048
sketch/giraffe/n02439033_2677-4.png,giraffe,sketch,-4.5647535,4.036363,-29.482786,-4.2363534,giraffe,giraffe,9.433604
sketch/giraffe/n02439033_67-4.png,giraffe,sketch,-4.070656,3.6325562,-28.748596,-3.0889897,giraffe,giraffe,8.377513
sketch/giraffe/n02439033_15453-5.png,giraffe,sketch,-5.0455165,4.076634,-29.281723,-4.4080124,giraffe,giraffe,9.741778
sketch/giraffe/7404.png,giraffe,sketch,-3.9902344,3.9224086,-28.535145,-3.5520415,giraffe,giraffe,7.953479
sketch/giraffe/n02439033_14846-2.png,giraffe,sketch,-4.8733296,3.738726,-28.58549,-3.7609506,giraffe,giraffe,9.225098
sketch/giraffe/n02439033_14781-2.png,giraffe,sketch,-5.533049,4.389936,-28.915396,-4.093429,giraffe,giraffe,10.477012
sketch/giraffe/n02439033_4601-3.png,giraffe,sketch,-4.5379004,3.4188352,-29.001848,-3.8187704,giraffe,giraffe,8.186838
sketch/giraffe/n02439033_12485-3.png,giraffe,sketch,-5.115717,3.5309315,-27.835325,-3.8123066,giraffe,giraffe,8.873131
sketch/giraffe/n02439033_14872-6.png,giraffe,sketch,-4.407341,3.9959064,-28.889267,-2.547249,giraffe,giraffe,9.001255
sketch/guitar/n03272010_6799-4.png,guitar,sketch,-1.0227635,-7.7885284,-3.352582,27.413418,guitar,elephant,8.481867
sketch/guitar/7651.png,guitar,sketch,-0.73014057,-8.264312,-2.598113,28.097746,guitar,guitar,8.958799
sketch/guitar/n03272010_7729-1.png,guitar,sketch,-0.88051593,-8.366884,-3.2112346,26.787537,guitar,guitar,9.352262
sketch/guitar/n03272010_9858-1.png,guitar,sketch,-1.06044,-8.622335,-2.8772585,27.205217,guitar,guitar,9.0797
sketch/guitar/n03272010_5875-1.png,guitar,sketch,-1.1764371,-8.413159,-3.5954037,28.56629,guitar,guitar,9.238334
sketch/guitar/n03272010_6650-1.png,guitar,sketch,-1.2014955,-8.656262,-3.529345,28.415413,guitar,guitar,9.390046
sketch/guitar/n03272010_9557-6.png,guitar,sketch,-1.1352171,-8.207503,-2.607828,28.102715,guitar,elephant,9.00958
sketch/guitar/n02676566_5735-2.png,guitar,sketch,-1.0095927,-8.491889,-2.8577828,28.802233,guitar,guitar,8.820562
sketch/guitar/n02676566_7385-2.png,guitar,sketch,-0.97912025,-7.9743814,-3.1943579,27.80641,guitar,elephant,8.822798
sketch/guitar/n02676566_659-1.png,guitar,sketch,-0.86662567,-8.586796,-2.762564,27.016054,guitar,guitar,9.239363
sketch/guitar/n03467517_11020-3.png,guitar,sketch,-1.0073478,-8.722956,-2.9713097,29.055134,guitar,guitar,8.934974
sketch/guitar/n02676566_6631-1.png,guitar,sketch,-1.0040536,-8.524109,-2.8825717,27.068663,guitar,guitar,9.127516
sketch/guitar/n02676566_11377-2.png,guitar,sketch,-0.9429996,-7.8248777,-3.3531325,28.661125,guitar,elephant,8.534286
sketch/guitar/n02676566_9936-1.png,guitar,sketch,-1.033088,-8.475906,-3.1325834,27.362976,guitar,guitar,9.127993
sketch/guitar/n02676566_11377-4.png,guitar,sketch,-1.0577062,-8.485005,-2.872456,29.284342,guitar,guitar,9.206075
sketch/guitar/n02676566_2380-4.png,guitar,sketch,-1.0837018,-8.504777,-2.5813272,27.225538,guitar,guitar,9.22847
sketch/guitar/7669.png,guitar,sketch,-1.1980729,-7.0267515,-3.9008248,27.482428,guitar,elephant,8.21589
sketch/guitar/n02676566_2380-3.png,guitar,sketch,-0.9571239,-8.405338,-3.0744784,26.522205,guitar,guitar,9.074675
sketch/horse/n02374451_4795-6.png,horse,sketch,-3.1892602,-1.1947975,-18.892103,-19.713423,horse,dog,8.147055
sketch/horse/n02374451_777-2.png,horse,sketch,-2.7848306,-1.3938947,-18.241013,-20.789116,horse,dog,8.944273
sketch/horse/8508.png,horse,sketch,-2.8275135,-0.8725553,-17.876633,-20.127083,horse,dog,9.200832
sketch/horse/n02374451_1443-2.png,horse,sketch,-3.17753,-1.3169727,-18.580505,-21.020521,horse,dog,9.763311
sketch/horse/n02374451_257-3.png,horse,sketch,-3.305757,-1.065824,-19.286278,-20.487732,horse,dog,7.9376106
sketch/horse/n02374451_1443-4.png,horse,sketch,-3.2584848,-1.345408,-18.661963,-20.667692,horse,dog,9.109949
sketch/horse/n02374451_12230-7.png,horse,sketch,-3.1091962,-1.2257268,-18.938824,-20.30966,horse,dog,8.336195
sketch/horse/n02374451_12792-4.png,horse,sketch,-2.707724,-1.2708435,-18.159714,-20.319057,horse,dog,8.303525
sketch/horse/n02374451_4538-8.png,horse,sketch,-3.0645242,-1.1561582,-18.453985,-19.779327,horse,dog,8.675065
sketch/horse/n02374451_4818-2.png,horse,sketch,-2.614456,-0.9562538,-18.512964,-20.571093,horse,dog,8.109737
sketch/horse/n02374451_12792-2.png,horse,sketch,-3.4053655,-1.1699944,-18.850283,-19.765293,horse,dog,8.422192
sketch/horse/8497.png,horse,sketch,-3.6642623,-1.5721571,-18.430527,-18.791494,horse,dog,7.3879185
sketch/horse/n02374451_10809-4.png,horse,sketch,-3.0363142,-1.2893786,-18.269253,-20.270506,horse,dog,9.010429
sketch/horse/n02374451_1340-2.png,horse,sketch,-4.565972,-2.1078694,-15.005429,-14.631165,horse,dog,0.85582757
sketch/horse/n02374451_15669-2.png,horse,sketch,-3.325459,-1.3206303,-18.870642,-20.4461,horse,dog,8.431589
sketch/horse/n02374451_3808-8.png,horse,sketch,-5.5598173,1.5801947,-25.988995,-5.6560388,giraffe,giraffe,-2.6586769
sketch/horse/n02374451_12328-7.png,horse,sketch,-2.8729286,-0.91955584,-19.270567,-20.364998,horse,dog,7.2359285
sketch/horse/n02374451_10098-3.png,horse,sketch,-2.9851527,-1.2075717,-18.381277,-19.93027,horse,dog,8.594062
sketch/house/8834.png,house,sketch,19.622757,-5.96047,35.681034,-14.385122,house,house,8.106124
sketch/house/8841.png,house,sketch,21.03203,-6.467377,36.986153,-13.266283,house,house,8.317112
sketch/house/8870.png,house,sketch,14.207663,-2.9727576,34.024006,-14.083883,house,house,5.53053
sketch/house/8879.png,house,sketch,19.88545,-6.234858,34.98807,-14.287187,house,house,8.712791
sketch/house/8831.png,house,sketch,16.840954,-5.6238904,34.7076,-13.961098,house,house,7.006556
sketch/house/8820.png,house,sketch,22.207996,-6.602289,36.44222,-14.022738,house,house,9.160408
sketch/house/8861.png,house,sketch,20.448706,-6.286198,35.27405,-14.637063,house,house,9.414187
sketch/house/8839.png,house,sketch,20.895767,-6.2768145,36.35917,-13.797714,house,house,8.3178425
sketch/house/8863.png,house,sketch,21.303001,-6.4011197,35.95332,-14.403513,house,house,9.151956
sketch/house/8871.png,house,sketch,21.32748,-6.5241604,36.753937,-13.616571,house,house,8.4343195
sketch/house/8859.png,house,sketch,21.558733,-6.629122,36.1058,-14.049864,house,house,9.0383
sketch/house/8813.png,house,sketch,22.039518,-6.4681387,36.12484,-14.342535,house,house,9.682266
sketch/house/8828.png,house,sketch,18.992994,-6.067015,35.009975,-14.108231,house,house,8.20212
sketch/house/8821.png,house,sketch,19.967756,-6.1075277,35.715214,-14.089748,house,house,9.006353
sketch/house/8815.png,house,sketch,18.297575,-5.7948847,36.35323,-13.507385,house,house,7.3083344
sketch/house/8843.png,house,sketch,16.367718,-5.274745,34.388653,-14.537196,house,house,7.8339243
sketch/house/8825.png,house,sketch,14.299041,-6.387915,34.382126,-13.32998,house,house,3.5125802
sketch/house/8801.png,house,sketch,19.795181,-5.791868,34.974255,-14.373326,house,house,8.87448
sketch/person/12157.png,person,sketch,-0.7944323,6.5735,9.3651285,5.9176927,person,person,2.4838712
sketch/person/12135.png,person,sketch,1.6047106,11.531067,10.391117,5.828667,person,person,8.071387
sketch/person/12177.png,person,sketch,2.3823767,13.804116,12.054981,6.184135,person,person,8.5338335
sketch/person/12089.png,person,sketch,1.1675558,10.6616,10.073796,5.8650928,person,person,7.1920238
sketch/person/12216.png,person,sketch,2.8676088,14.204041,11.798764,5.663955,person,person,8.758492
sketch/person/12203.png,person,sketch,1.805275,11.96559,11.317359,6.5915046,person,person,7.0474977
sketch/person/12133.png,person,sketch,3.093136,15.322001,11.197442,5.380699,person,person,10.188028
sketch/person/12118.png,person,sketch,3.0053833,15.28727,12.208624,6.1576567,person,person,8.958782
sketch/person/12230.png,person,sketch,1.1916077,11.627063,10.495583,5.478346,person,person,6.7806563
sketch/person/12126.png,person,sketch,3.8919399,17.346243,11.492709,5.3921957,person,person,11.616144
sketch/person/12095.png,person,sketch,2.260905,11.116105,10.889706,6.033806,person,person,7.236309
sketch/person/12084.png,person,sketch,2.3177667,11.702455,11.080689,5.7446685,person,person,7.383855
sketch/person/12223.png,person,sketch,2.48706,13.957755,11.587924,6.260806,person,person,8.419397
sketch/person/12188.png,person,sketch,2.3817701,13.965567,11.740887,6.233269,person,person,8.739048
sketch/person/12178.png,person,sketch,2.8689427,14.728144,11.808172,5.653761,person,person,9.27323
sketch/person/12153.png,person,sketch,1.7947032,12.9081955,10.725619,5.2961802,person,person,7.972573
sketch/person/12210.png,person,sketch,2.4897213,15.046813,11.687869,5.8872886,person,person,9.528135
sketch/person/12134.png,person,sketch,2.6989696,14.065552,12.251181,6.171252,person,person,8.5719385
